"月份","能源类型","用量","单位","组织","地点","部门","设备","备注"
"2025-01","电力","10","kWh","大批次删除集团","参数上限验证园区","验证部","BULK-0001","多记录删除子查询路径验证"
"2025-02","电力","11","kWh","大批次删除集团","参数上限验证园区","验证部","BULK-0002","多记录删除子查询路径验证"
"2025-03","电力","12","kWh","大批次删除集团","参数上限验证园区","验证部","BULK-0003","多记录删除子查询路径验证"
"2025-04","电力","13","kWh","大批次删除集团","参数上限验证园区","验证部","BULK-0004","多记录删除子查询路径验证"
"2025-05","电力","14","kWh","大批次删除集团","参数上限验证园区","验证部","BULK-0005","多记录删除子查询路径验证"
"2025-06","电力","15","kWh","大批次删除集团","参数上限验证园区","验证部","BULK-0006","多记录删除子查询路径验证"
"2025-07","电力","16","kWh","大批次删除集团","参数上限验证园区","验证部","BULK-0007","多记录删除子查询路径验证"
"2025-08","电力","17","kWh","大批次删除集团","参数上限验证园区","验证部","BULK-0008","多记录删除子查询路径验证"
"2025-09","电力","18","kWh","大批次删除集团","参数上限验证园区","验证部","BULK-0009","多记录删除子查询路径验证"
"2025-10","电力","19","kWh","大批次删除集团","参数上限验证园区","验证部","BULK-0010","多记录删除子查询路径验证"
"2025-11","电力","20","kWh","大批次删除集团","参数上限验证园区","验证部","BULK-0011","多记录删除子查询路径验证"
"2025-12","电力","21","kWh","大批次删除集团","参数上限验证园区","验证部","BULK-0012","多记录删除子查询路径验证"
"2025-01","电力","22","kWh","大批次删除集团","参数上限验证园区","验证部","BULK-0013","多记录删除子查询路径验证"
"2025-02","电力","23","kWh","大批次删除集团","参数上限验证园区","验证部","BULK-0014","多记录删除子查询路径验证"
"2025-03","电力","24","kWh","大批次删除集团","参数上限验证园区","验证部","BULK-0015","多记录删除子查询路径验证"
"2025-04","电力","25","kWh","大批次删除集团","参数上限验证园区","验证部","BULK-0016","多记录删除子查询路径验证"
"2025-05","电力","26","kWh","大批次删除集团","参数上限验证园区","验证部","BULK-0017","多记录删除子查询路径验证"
"2025-06","电力","27","kWh","大批次删除集团","参数上限验证园区","验证部","BULK-0018","多记录删除子查询路径验证"
"2025-07","电力","28","kWh","大批次删除集团","参数上限验证园区","验证部","BULK-0019","多记录删除子查询路径验证"
"2025-08","电力","29","kWh","大批次删除集团","参数上限验证园区","验证部","BULK-0020","多记录删除子查询路径验证"
"2025-09","电力","30","kWh","大批次删除集团","参数上限验证园区","验证部","BULK-0021","多记录删除子查询路径验证"
"2025-10","电力","31","kWh","大批次删除集团","参数上限验证园区","验证部","BULK-0022","多记录删除子查询路径验证"
"2025-11","电力","32","kWh","大批次删除集团","参数上限验证园区","验证部","BULK-0023","多记录删除子查询路径验证"
"2025-12","电力","33","kWh","大批次删除集团","参数上限验证园区","验证部","BULK-0024","多记录删除子查询路径验证"
"2025-01","电力","34","kWh","大批次删除集团","参数上限验证园区","验证部","BULK-0025","多记录删除子查询路径验证"
"2025-02","电力","35","kWh","大批次删除集团","参数上限验证园区","验证部","BULK-0026","多记录删除子查询路径验证"
"2025-03","电力","36","kWh","大批次删除集团","参数上限验证园区","验证部","BULK-0027","多记录删除子查询路径验证"
"2025-04","电力","37","kWh","大批次删除集团","参数上限验证园区","验证部","BULK-0028","多记录删除子查询路径验证"
"2025-05","电力","38","kWh","大批次删除集团","参数上限验证园区","验证部","BULK-0029","多记录删除子查询路径验证"
"2025-06","电力","39","kWh","大批次删除集团","参数上限验证园区","验证部","BULK-0030","多记录删除子查询路径验证"
"2025-07","电力","40","kWh","大批次删除集团","参数上限验证园区","验证部","BULK-0031","多记录删除子查询路径验证"
"2025-08","电力","41","kWh","大批次删除集团","参数上限验证园区","验证部","BULK-0032","多记录删除子查询路径验证"
"2025-09","电力","42","kWh","大批次删除集团","参数上限验证园区","验证部","BULK-0033","多记录删除子查询路径验证"
"2025-10","电力","43","kWh","大批次删除集团","参数上限验证园区","验证部","BULK-0034","多记录删除子查询路径验证"
"2025-11","电力","44","kWh","大批次删除集团","参数上限验证园区","验证部","BULK-0035","多记录删除子查询路径验证"
"2025-12","电力","45","kWh","大批次删除集团","参数上限验证园区","验证部","BULK-0036","多记录删除子查询路径验证"
"2025-01","电力","46","kWh","大批次删除集团","参数上限验证园区","验证部","BULK-0037","多记录删除子查询路径验证"
"2025-02","电力","47","kWh","大批次删除集团","参数上限验证园区","验证部","BULK-0038","多记录删除子查询路径验证"
"2025-03","电力","48","kWh","大批次删除集团","参数上限验证园区","验证部","BULK-0039","多记录删除子查询路径验证"
"2025-04","电力","49","kWh","大批次删除集团","参数上限验证园区","验证部","BULK-0040","多记录删除子查询路径验证"
"2025-05","电力","50","kWh","大批次删除集团","参数上限验证园区","验证部","BULK-0041","多记录删除子查询路径验证"
"2025-06","电力","51","kWh","大批次删除集团","参数上限验证园区","验证部","BULK-0042","多记录删除子查询路径验证"
"2025-07","电力","52","kWh","大批次删除集团","参数上限验证园区","验证部","BULK-0043","多记录删除子查询路径验证"
"2025-08","电力","53","kWh","大批次删除集团","参数上限验证园区","验证部","BULK-0044","多记录删除子查询路径验证"
"2025-09","电力","54","kWh","大批次删除集团","参数上限验证园区","验证部","BULK-0045","多记录删除子查询路径验证"
"2025-10","电力","55","kWh","大批次删除集团","参数上限验证园区","验证部","BULK-0046","多记录删除子查询路径验证"
"2025-11","电力","56","kWh","大批次删除集团","参数上限验证园区","验证部","BULK-0047","多记录删除子查询路径验证"
"2025-12","电力","57","kWh","大批次删除集团","参数上限验证园区","验证部","BULK-0048","多记录删除子查询路径验证"
"2025-01","电力","58","kWh","大批次删除集团","参数上限验证园区","验证部","BULK-0049","多记录删除子查询路径验证"
"2025-02","电力","59","kWh","大批次删除集团","参数上限验证园区","验证部","BULK-0050","多记录删除子查询路径验证"
"2025-03","电力","60","kWh","大批次删除集团","参数上限验证园区","验证部","BULK-0051","多记录删除子查询路径验证"
"2025-04","电力","61","kWh","大批次删除集团","参数上限验证园区","验证部","BULK-0052","多记录删除子查询路径验证"
"2025-05","电力","62","kWh","大批次删除集团","参数上限验证园区","验证部","BULK-0053","多记录删除子查询路径验证"
"2025-06","电力","63","kWh","大批次删除集团","参数上限验证园区","验证部","BULK-0054","多记录删除子查询路径验证"
"2025-07","电力","64","kWh","大批次删除集团","参数上限验证园区","验证部","BULK-0055","多记录删除子查询路径验证"
"2025-08","电力","65","kWh","大批次删除集团","参数上限验证园区","验证部","BULK-0056","多记录删除子查询路径验证"
"2025-09","电力","66","kWh","大批次删除集团","参数上限验证园区","验证部","BULK-0057","多记录删除子查询路径验证"
"2025-10","电力","67","kWh","大批次删除集团","参数上限验证园区","验证部","BULK-0058","多记录删除子查询路径验证"
"2025-11","电力","68","kWh","大批次删除集团","参数上限验证园区","验证部","BULK-0059","多记录删除子查询路径验证"
"2025-12","电力","69","kWh","大批次删除集团","参数上限验证园区","验证部","BULK-0060","多记录删除子查询路径验证"
"2025-01","电力","70","kWh","大批次删除集团","参数上限验证园区","验证部","BULK-0061","多记录删除子查询路径验证"
"2025-02","电力","71","kWh","大批次删除集团","参数上限验证园区","验证部","BULK-0062","多记录删除子查询路径验证"
"2025-03","电力","72","kWh","大批次删除集团","参数上限验证园区","验证部","BULK-0063","多记录删除子查询路径验证"
"2025-04","电力","73","kWh","大批次删除集团","参数上限验证园区","验证部","BULK-0064","多记录删除子查询路径验证"
"2025-05","电力","74","kWh","大批次删除集团","参数上限验证园区","验证部","BULK-0065","多记录删除子查询路径验证"
"2025-06","电力","75","kWh","大批次删除集团","参数上限验证园区","验证部","BULK-0066","多记录删除子查询路径验证"
"2025-07","电力","76","kWh","大批次删除集团","参数上限验证园区","验证部","BULK-0067","多记录删除子查询路径验证"
"2025-08","电力","77","kWh","大批次删除集团","参数上限验证园区","验证部","BULK-0068","多记录删除子查询路径验证"
"2025-09","电力","78","kWh","大批次删除集团","参数上限验证园区","验证部","BULK-0069","多记录删除子查询路径验证"
"2025-10","电力","79","kWh","大批次删除集团","参数上限验证园区","验证部","BULK-0070","多记录删除子查询路径验证"
"2025-11","电力","80","kWh","大批次删除集团","参数上限验证园区","验证部","BULK-0071","多记录删除子查询路径验证"
"2025-12","电力","81","kWh","大批次删除集团","参数上限验证园区","验证部","BULK-0072","多记录删除子查询路径验证"
"2025-01","电力","82","kWh","大批次删除集团","参数上限验证园区","验证部","BULK-0073","多记录删除子查询路径验证"
"2025-02","电力","83","kWh","大批次删除集团","参数上限验证园区","验证部","BULK-0074","多记录删除子查询路径验证"
"2025-03","电力","84","kWh","大批次删除集团","参数上限验证园区","验证部","BULK-0075","多记录删除子查询路径验证"
"2025-04","电力","85","kWh","大批次删除集团","参数上限验证园区","验证部","BULK-0076","多记录删除子查询路径验证"
"2025-05","电力","86","kWh","大批次删除集团","参数上限验证园区","验证部","BULK-0077","多记录删除子查询路径验证"
"2025-06","电力","87","kWh","大批次删除集团","参数上限验证园区","验证部","BULK-0078","多记录删除子查询路径验证"
"2025-07","电力","88","kWh","大批次删除集团","参数上限验证园区","验证部","BULK-0079","多记录删除子查询路径验证"
"2025-08","电力","89","kWh","大批次删除集团","参数上限验证园区","验证部","BULK-0080","多记录删除子查询路径验证"
"2025-09","电力","90","kWh","大批次删除集团","参数上限验证园区","验证部","BULK-0081","多记录删除子查询路径验证"
"2025-10","电力","91","kWh","大批次删除集团","参数上限验证园区","验证部","BULK-0082","多记录删除子查询路径验证"
"2025-11","电力","92","kWh","大批次删除集团","参数上限验证园区","验证部","BULK-0083","多记录删除子查询路径验证"
"2025-12","电力","93","kWh","大批次删除集团","参数上限验证园区","验证部","BULK-0084","多记录删除子查询路径验证"
"2025-01","电力","94","kWh","大批次删除集团","参数上限验证园区","验证部","BULK-0085","多记录删除子查询路径验证"
"2025-02","电力","95","kWh","大批次删除集团","参数上限验证园区","验证部","BULK-0086","多记录删除子查询路径验证"
"2025-03","电力","96","kWh","大批次删除集团","参数上限验证园区","验证部","BULK-0087","多记录删除子查询路径验证"
"2025-04","电力","97","kWh","大批次删除集团","参数上限验证园区","验证部","BULK-0088","多记录删除子查询路径验证"
"2025-05","电力","98","kWh","大批次删除集团","参数上限验证园区","验证部","BULK-0089","多记录删除子查询路径验证"
"2025-06","电力","99","kWh","大批次删除集团","参数上限验证园区","验证部","BULK-0090","多记录删除子查询路径验证"
"2025-07","电力","100","kWh","大批次删除集团","参数上限验证园区","验证部","BULK-0091","多记录删除子查询路径验证"
"2025-08","电力","101","kWh","大批次删除集团","参数上限验证园区","验证部","BULK-0092","多记录删除子查询路径验证"
"2025-09","电力","102","kWh","大批次删除集团","参数上限验证园区","验证部","BULK-0093","多记录删除子查询路径验证"
"2025-10","电力","103","kWh","大批次删除集团","参数上限验证园区","验证部","BULK-0094","多记录删除子查询路径验证"
"2025-11","电力","104","kWh","大批次删除集团","参数上限验证园区","验证部","BULK-0095","多记录删除子查询路径验证"
"2025-12","电力","105","kWh","大批次删除集团","参数上限验证园区","验证部","BULK-0096","多记录删除子查询路径验证"
"2025-01","电力","106","kWh","大批次删除集团","参数上限验证园区","验证部","BULK-0097","多记录删除子查询路径验证"
"2025-02","电力","107","kWh","大批次删除集团","参数上限验证园区","验证部","BULK-0098","多记录删除子查询路径验证"
"2025-03","电力","108","kWh","大批次删除集团","参数上限验证园区","验证部","BULK-0099","多记录删除子查询路径验证"
"2025-04","电力","109","kWh","大批次删除集团","参数上限验证园区","验证部","BULK-0100","多记录删除子查询路径验证"
"2025-05","电力","110","kWh","大批次删除集团","参数上限验证园区","验证部","BULK-0101","多记录删除子查询路径验证"
"2025-06","电力","111","kWh","大批次删除集团","参数上限验证园区","验证部","BULK-0102","多记录删除子查询路径验证"
"2025-07","电力","112","kWh","大批次删除集团","参数上限验证园区","验证部","BULK-0103","多记录删除子查询路径验证"
"2025-08","电力","113","kWh","大批次删除集团","参数上限验证园区","验证部","BULK-0104","多记录删除子查询路径验证"
"2025-09","电力","114","kWh","大批次删除集团","参数上限验证园区","验证部","BULK-0105","多记录删除子查询路径验证"
"2025-10","电力","115","kWh","大批次删除集团","参数上限验证园区","验证部","BULK-0106","多记录删除子查询路径验证"
"2025-11","电力","116","kWh","大批次删除集团","参数上限验证园区","验证部","BULK-0107","多记录删除子查询路径验证"
"2025-12","电力","117","kWh","大批次删除集团","参数上限验证园区","验证部","BULK-0108","多记录删除子查询路径验证"
"2025-01","电力","118","kWh","大批次删除集团","参数上限验证园区","验证部","BULK-0109","多记录删除子查询路径验证"
"2025-02","电力","119","kWh","大批次删除集团","参数上限验证园区","验证部","BULK-0110","多记录删除子查询路径验证"
"2025-03","电力","120","kWh","大批次删除集团","参数上限验证园区","验证部","BULK-0111","多记录删除子查询路径验证"
"2025-04","电力","121","kWh","大批次删除集团","参数上限验证园区","验证部","BULK-0112","多记录删除子查询路径验证"
"2025-05","电力","122","kWh","大批次删除集团","参数上限验证园区","验证部","BULK-0113","多记录删除子查询路径验证"
"2025-06","电力","123","kWh","大批次删除集团","参数上限验证园区","验证部","BULK-0114","多记录删除子查询路径验证"
"2025-07","电力","124","kWh","大批次删除集团","参数上限验证园区","验证部","BULK-0115","多记录删除子查询路径验证"
"2025-08","电力","125","kWh","大批次删除集团","参数上限验证园区","验证部","BULK-0116","多记录删除子查询路径验证"
"2025-09","电力","126","kWh","大批次删除集团","参数上限验证园区","验证部","BULK-0117","多记录删除子查询路径验证"
"2025-10","电力","127","kWh","大批次删除集团","参数上限验证园区","验证部","BULK-0118","多记录删除子查询路径验证"
"2025-11","电力","128","kWh","大批次删除集团","参数上限验证园区","验证部","BULK-0119","多记录删除子查询路径验证"
"2025-12","电力","129","kWh","大批次删除集团","参数上限验证园区","验证部","BULK-0120","多记录删除子查询路径验证"
"2025-01","电力","130","kWh","大批次删除集团","参数上限验证园区","验证部","BULK-0121","多记录删除子查询路径验证"
"2025-02","电力","131","kWh","大批次删除集团","参数上限验证园区","验证部","BULK-0122","多记录删除子查询路径验证"
"2025-03","电力","132","kWh","大批次删除集团","参数上限验证园区","验证部","BULK-0123","多记录删除子查询路径验证"
"2025-04","电力","133","kWh","大批次删除集团","参数上限验证园区","验证部","BULK-0124","多记录删除子查询路径验证"
"2025-05","电力","134","kWh","大批次删除集团","参数上限验证园区","验证部","BULK-0125","多记录删除子查询路径验证"
"2025-06","电力","135","kWh","大批次删除集团","参数上限验证园区","验证部","BULK-0126","多记录删除子查询路径验证"
"2025-07","电力","136","kWh","大批次删除集团","参数上限验证园区","验证部","BULK-0127","多记录删除子查询路径验证"
"2025-08","电力","137","kWh","大批次删除集团","参数上限验证园区","验证部","BULK-0128","多记录删除子查询路径验证"
"2025-09","电力","138","kWh","大批次删除集团","参数上限验证园区","验证部","BULK-0129","多记录删除子查询路径验证"
"2025-10","电力","139","kWh","大批次删除集团","参数上限验证园区","验证部","BULK-0130","多记录删除子查询路径验证"
"2025-11","电力","140","kWh","大批次删除集团","参数上限验证园区","验证部","BULK-0131","多记录删除子查询路径验证"
"2025-12","电力","141","kWh","大批次删除集团","参数上限验证园区","验证部","BULK-0132","多记录删除子查询路径验证"
"2025-01","电力","142","kWh","大批次删除集团","参数上限验证园区","验证部","BULK-0133","多记录删除子查询路径验证"
"2025-02","电力","143","kWh","大批次删除集团","参数上限验证园区","验证部","BULK-0134","多记录删除子查询路径验证"
"2025-03","电力","144","kWh","大批次删除集团","参数上限验证园区","验证部","BULK-0135","多记录删除子查询路径验证"
"2025-04","电力","145","kWh","大批次删除集团","参数上限验证园区","验证部","BULK-0136","多记录删除子查询路径验证"
"2025-05","电力","146","kWh","大批次删除集团","参数上限验证园区","验证部","BULK-0137","多记录删除子查询路径验证"
"2025-06","电力","147","kWh","大批次删除集团","参数上限验证园区","验证部","BULK-0138","多记录删除子查询路径验证"
"2025-07","电力","148","kWh","大批次删除集团","参数上限验证园区","验证部","BULK-0139","多记录删除子查询路径验证"
"2025-08","电力","149","kWh","大批次删除集团","参数上限验证园区","验证部","BULK-0140","多记录删除子查询路径验证"
"2025-09","电力","150","kWh","大批次删除集团","参数上限验证园区","验证部","BULK-0141","多记录删除子查询路径验证"
"2025-10","电力","151","kWh","大批次删除集团","参数上限验证园区","验证部","BULK-0142","多记录删除子查询路径验证"
"2025-11","电力","152","kWh","大批次删除集团","参数上限验证园区","验证部","BULK-0143","多记录删除子查询路径验证"
"2025-12","电力","153","kWh","大批次删除集团","参数上限验证园区","验证部","BULK-0144","多记录删除子查询路径验证"
"2025-01","电力","154","kWh","大批次删除集团","参数上限验证园区","验证部","BULK-0145","多记录删除子查询路径验证"
"2025-02","电力","155","kWh","大批次删除集团","参数上限验证园区","验证部","BULK-0146","多记录删除子查询路径验证"
"2025-03","电力","156","kWh","大批次删除集团","参数上限验证园区","验证部","BULK-0147","多记录删除子查询路径验证"
"2025-04","电力","157","kWh","大批次删除集团","参数上限验证园区","验证部","BULK-0148","多记录删除子查询路径验证"
"2025-05","电力","158","kWh","大批次删除集团","参数上限验证园区","验证部","BULK-0149","多记录删除子查询路径验证"
"2025-06","电力","159","kWh","大批次删除集团","参数上限验证园区","验证部","BULK-0150","多记录删除子查询路径验证"
"2025-07","电力","160","kWh","大批次删除集团","参数上限验证园区","验证部","BULK-0151","多记录删除子查询路径验证"
"2025-08","电力","161","kWh","大批次删除集团","参数上限验证园区","验证部","BULK-0152","多记录删除子查询路径验证"
"2025-09","电力","162","kWh","大批次删除集团","参数上限验证园区","验证部","BULK-0153","多记录删除子查询路径验证"
"2025-10","电力","163","kWh","大批次删除集团","参数上限验证园区","验证部","BULK-0154","多记录删除子查询路径验证"
"2025-11","电力","164","kWh","大批次删除集团","参数上限验证园区","验证部","BULK-0155","多记录删除子查询路径验证"
"2025-12","电力","165","kWh","大批次删除集团","参数上限验证园区","验证部","BULK-0156","多记录删除子查询路径验证"
"2025-01","电力","166","kWh","大批次删除集团","参数上限验证园区","验证部","BULK-0157","多记录删除子查询路径验证"
"2025-02","电力","167","kWh","大批次删除集团","参数上限验证园区","验证部","BULK-0158","多记录删除子查询路径验证"
"2025-03","电力","168","kWh","大批次删除集团","参数上限验证园区","验证部","BULK-0159","多记录删除子查询路径验证"
"2025-04","电力","169","kWh","大批次删除集团","参数上限验证园区","验证部","BULK-0160","多记录删除子查询路径验证"
"2025-05","电力","170","kWh","大批次删除集团","参数上限验证园区","验证部","BULK-0161","多记录删除子查询路径验证"
"2025-06","电力","171","kWh","大批次删除集团","参数上限验证园区","验证部","BULK-0162","多记录删除子查询路径验证"
"2025-07","电力","172","kWh","大批次删除集团","参数上限验证园区","验证部","BULK-0163","多记录删除子查询路径验证"
"2025-08","电力","173","kWh","大批次删除集团","参数上限验证园区","验证部","BULK-0164","多记录删除子查询路径验证"
"2025-09","电力","174","kWh","大批次删除集团","参数上限验证园区","验证部","BULK-0165","多记录删除子查询路径验证"
"2025-10","电力","175","kWh","大批次删除集团","参数上限验证园区","验证部","BULK-0166","多记录删除子查询路径验证"
"2025-11","电力","176","kWh","大批次删除集团","参数上限验证园区","验证部","BULK-0167","多记录删除子查询路径验证"
"2025-12","电力","177","kWh","大批次删除集团","参数上限验证园区","验证部","BULK-0168","多记录删除子查询路径验证"
"2025-01","电力","178","kWh","大批次删除集团","参数上限验证园区","验证部","BULK-0169","多记录删除子查询路径验证"
"2025-02","电力","179","kWh","大批次删除集团","参数上限验证园区","验证部","BULK-0170","多记录删除子查询路径验证"
"2025-03","电力","180","kWh","大批次删除集团","参数上限验证园区","验证部","BULK-0171","多记录删除子查询路径验证"
"2025-04","电力","181","kWh","大批次删除集团","参数上限验证园区","验证部","BULK-0172","多记录删除子查询路径验证"
"2025-05","电力","182","kWh","大批次删除集团","参数上限验证园区","验证部","BULK-0173","多记录删除子查询路径验证"
"2025-06","电力","183","kWh","大批次删除集团","参数上限验证园区","验证部","BULK-0174","多记录删除子查询路径验证"
"2025-07","电力","184","kWh","大批次删除集团","参数上限验证园区","验证部","BULK-0175","多记录删除子查询路径验证"
"2025-08","电力","185","kWh","大批次删除集团","参数上限验证园区","验证部","BULK-0176","多记录删除子查询路径验证"
"2025-09","电力","186","kWh","大批次删除集团","参数上限验证园区","验证部","BULK-0177","多记录删除子查询路径验证"
"2025-10","电力","187","kWh","大批次删除集团","参数上限验证园区","验证部","BULK-0178","多记录删除子查询路径验证"
"2025-11","电力","188","kWh","大批次删除集团","参数上限验证园区","验证部","BULK-0179","多记录删除子查询路径验证"
"2025-12","电力","189","kWh","大批次删除集团","参数上限验证园区","验证部","BULK-0180","多记录删除子查询路径验证"
"2025-01","电力","190","kWh","大批次删除集团","参数上限验证园区","验证部","BULK-0181","多记录删除子查询路径验证"
"2025-02","电力","191","kWh","大批次删除集团","参数上限验证园区","验证部","BULK-0182","多记录删除子查询路径验证"
"2025-03","电力","192","kWh","大批次删除集团","参数上限验证园区","验证部","BULK-0183","多记录删除子查询路径验证"
"2025-04","电力","193","kWh","大批次删除集团","参数上限验证园区","验证部","BULK-0184","多记录删除子查询路径验证"
"2025-05","电力","194","kWh","大批次删除集团","参数上限验证园区","验证部","BULK-0185","多记录删除子查询路径验证"
"2025-06","电力","195","kWh","大批次删除集团","参数上限验证园区","验证部","BULK-0186","多记录删除子查询路径验证"
"2025-07","电力","196","kWh","大批次删除集团","参数上限验证园区","验证部","BULK-0187","多记录删除子查询路径验证"
"2025-08","电力","197","kWh","大批次删除集团","参数上限验证园区","验证部","BULK-0188","多记录删除子查询路径验证"
"2025-09","电力","198","kWh","大批次删除集团","参数上限验证园区","验证部","BULK-0189","多记录删除子查询路径验证"
"2025-10","电力","199","kWh","大批次删除集团","参数上限验证园区","验证部","BULK-0190","多记录删除子查询路径验证"
"2025-11","电力","200","kWh","大批次删除集团","参数上限验证园区","验证部","BULK-0191","多记录删除子查询路径验证"
"2025-12","电力","201","kWh","大批次删除集团","参数上限验证园区","验证部","BULK-0192","多记录删除子查询路径验证"
"2025-01","电力","202","kWh","大批次删除集团","参数上限验证园区","验证部","BULK-0193","多记录删除子查询路径验证"
"2025-02","电力","203","kWh","大批次删除集团","参数上限验证园区","验证部","BULK-0194","多记录删除子查询路径验证"
"2025-03","电力","204","kWh","大批次删除集团","参数上限验证园区","验证部","BULK-0195","多记录删除子查询路径验证"
"2025-04","电力","205","kWh","大批次删除集团","参数上限验证园区","验证部","BULK-0196","多记录删除子查询路径验证"
"2025-05","电力","206","kWh","大批次删除集团","参数上限验证园区","验证部","BULK-0197","多记录删除子查询路径验证"
"2025-06","电力","207","kWh","大批次删除集团","参数上限验证园区","验证部","BULK-0198","多记录删除子查询路径验证"
"2025-07","电力","208","kWh","大批次删除集团","参数上限验证园区","验证部","BULK-0199","多记录删除子查询路径验证"
"2025-08","电力","209","kWh","大批次删除集团","参数上限验证园区","验证部","BULK-0200","多记录删除子查询路径验证"
"2025-09","电力","210","kWh","大批次删除集团","参数上限验证园区","验证部","BULK-0201","多记录删除子查询路径验证"
"2025-10","电力","211","kWh","大批次删除集团","参数上限验证园区","验证部","BULK-0202","多记录删除子查询路径验证"
"2025-11","电力","212","kWh","大批次删除集团","参数上限验证园区","验证部","BULK-0203","多记录删除子查询路径验证"
"2025-12","电力","213","kWh","大批次删除集团","参数上限验证园区","验证部","BULK-0204","多记录删除子查询路径验证"
"2025-01","电力","214","kWh","大批次删除集团","参数上限验证园区","验证部","BULK-0205","多记录删除子查询路径验证"
"2025-02","电力","215","kWh","大批次删除集团","参数上限验证园区","验证部","BULK-0206","多记录删除子查询路径验证"
"2025-03","电力","216","kWh","大批次删除集团","参数上限验证园区","验证部","BULK-0207","多记录删除子查询路径验证"
"2025-04","电力","217","kWh","大批次删除集团","参数上限验证园区","验证部","BULK-0208","多记录删除子查询路径验证"
"2025-05","电力","218","kWh","大批次删除集团","参数上限验证园区","验证部","BULK-0209","多记录删除子查询路径验证"
"2025-06","电力","219","kWh","大批次删除集团","参数上限验证园区","验证部","BULK-0210","多记录删除子查询路径验证"
"2025-07","电力","220","kWh","大批次删除集团","参数上限验证园区","验证部","BULK-0211","多记录删除子查询路径验证"
"2025-08","电力","221","kWh","大批次删除集团","参数上限验证园区","验证部","BULK-0212","多记录删除子查询路径验证"
"2025-09","电力","222","kWh","大批次删除集团","参数上限验证园区","验证部","BULK-0213","多记录删除子查询路径验证"
"2025-10","电力","223","kWh","大批次删除集团","参数上限验证园区","验证部","BULK-0214","多记录删除子查询路径验证"
"2025-11","电力","224","kWh","大批次删除集团","参数上限验证园区","验证部","BULK-0215","多记录删除子查询路径验证"
"2025-12","电力","225","kWh","大批次删除集团","参数上限验证园区","验证部","BULK-0216","多记录删除子查询路径验证"
"2025-01","电力","226","kWh","大批次删除集团","参数上限验证园区","验证部","BULK-0217","多记录删除子查询路径验证"
"2025-02","电力","227","kWh","大批次删除集团","参数上限验证园区","验证部","BULK-0218","多记录删除子查询路径验证"
"2025-03","电力","228","kWh","大批次删除集团","参数上限验证园区","验证部","BULK-0219","多记录删除子查询路径验证"
"2025-04","电力","229","kWh","大批次删除集团","参数上限验证园区","验证部","BULK-0220","多记录删除子查询路径验证"
"2025-05","电力","230","kWh","大批次删除集团","参数上限验证园区","验证部","BULK-0221","多记录删除子查询路径验证"
"2025-06","电力","231","kWh","大批次删除集团","参数上限验证园区","验证部","BULK-0222","多记录删除子查询路径验证"
"2025-07","电力","232","kWh","大批次删除集团","参数上限验证园区","验证部","BULK-0223","多记录删除子查询路径验证"
"2025-08","电力","233","kWh","大批次删除集团","参数上限验证园区","验证部","BULK-0224","多记录删除子查询路径验证"
"2025-09","电力","234","kWh","大批次删除集团","参数上限验证园区","验证部","BULK-0225","多记录删除子查询路径验证"
"2025-10","电力","235","kWh","大批次删除集团","参数上限验证园区","验证部","BULK-0226","多记录删除子查询路径验证"
"2025-11","电力","236","kWh","大批次删除集团","参数上限验证园区","验证部","BULK-0227","多记录删除子查询路径验证"
"2025-12","电力","237","kWh","大批次删除集团","参数上限验证园区","验证部","BULK-0228","多记录删除子查询路径验证"
"2025-01","电力","238","kWh","大批次删除集团","参数上限验证园区","验证部","BULK-0229","多记录删除子查询路径验证"
"2025-02","电力","239","kWh","大批次删除集团","参数上限验证园区","验证部","BULK-0230","多记录删除子查询路径验证"
"2025-03","电力","240","kWh","大批次删除集团","参数上限验证园区","验证部","BULK-0231","多记录删除子查询路径验证"
"2025-04","电力","241","kWh","大批次删除集团","参数上限验证园区","验证部","BULK-0232","多记录删除子查询路径验证"
"2025-05","电力","242","kWh","大批次删除集团","参数上限验证园区","验证部","BULK-0233","多记录删除子查询路径验证"
"2025-06","电力","243","kWh","大批次删除集团","参数上限验证园区","验证部","BULK-0234","多记录删除子查询路径验证"
"2025-07","电力","244","kWh","大批次删除集团","参数上限验证园区","验证部","BULK-0235","多记录删除子查询路径验证"
"2025-08","电力","245","kWh","大批次删除集团","参数上限验证园区","验证部","BULK-0236","多记录删除子查询路径验证"
"2025-09","电力","246","kWh","大批次删除集团","参数上限验证园区","验证部","BULK-0237","多记录删除子查询路径验证"
"2025-10","电力","247","kWh","大批次删除集团","参数上限验证园区","验证部","BULK-0238","多记录删除子查询路径验证"
"2025-11","电力","248","kWh","大批次删除集团","参数上限验证园区","验证部","BULK-0239","多记录删除子查询路径验证"
"2025-12","电力","249","kWh","大批次删除集团","参数上限验证园区","验证部","BULK-0240","多记录删除子查询路径验证"
"2025-01","电力","250","kWh","大批次删除集团","参数上限验证园区","验证部","BULK-0241","多记录删除子查询路径验证"
"2025-02","电力","251","kWh","大批次删除集团","参数上限验证园区","验证部","BULK-0242","多记录删除子查询路径验证"
"2025-03","电力","252","kWh","大批次删除集团","参数上限验证园区","验证部","BULK-0243","多记录删除子查询路径验证"
"2025-04","电力","253","kWh","大批次删除集团","参数上限验证园区","验证部","BULK-0244","多记录删除子查询路径验证"
"2025-05","电力","254","kWh","大批次删除集团","参数上限验证园区","验证部","BULK-0245","多记录删除子查询路径验证"
"2025-06","电力","255","kWh","大批次删除集团","参数上限验证园区","验证部","BULK-0246","多记录删除子查询路径验证"
"2025-07","电力","256","kWh","大批次删除集团","参数上限验证园区","验证部","BULK-0247","多记录删除子查询路径验证"
"2025-08","电力","257","kWh","大批次删除集团","参数上限验证园区","验证部","BULK-0248","多记录删除子查询路径验证"
"2025-09","电力","258","kWh","大批次删除集团","参数上限验证园区","验证部","BULK-0249","多记录删除子查询路径验证"
"2025-10","电力","259","kWh","大批次删除集团","参数上限验证园区","验证部","BULK-0250","多记录删除子查询路径验证"
"2025-11","电力","260","kWh","大批次删除集团","参数上限验证园区","验证部","BULK-0251","多记录删除子查询路径验证"
"2025-12","电力","261","kWh","大批次删除集团","参数上限验证园区","验证部","BULK-0252","多记录删除子查询路径验证"
"2025-01","电力","262","kWh","大批次删除集团","参数上限验证园区","验证部","BULK-0253","多记录删除子查询路径验证"
"2025-02","电力","263","kWh","大批次删除集团","参数上限验证园区","验证部","BULK-0254","多记录删除子查询路径验证"
"2025-03","电力","264","kWh","大批次删除集团","参数上限验证园区","验证部","BULK-0255","多记录删除子查询路径验证"
"2025-04","电力","265","kWh","大批次删除集团","参数上限验证园区","验证部","BULK-0256","多记录删除子查询路径验证"
"2025-05","电力","266","kWh","大批次删除集团","参数上限验证园区","验证部","BULK-0257","多记录删除子查询路径验证"
"2025-06","电力","267","kWh","大批次删除集团","参数上限验证园区","验证部","BULK-0258","多记录删除子查询路径验证"
"2025-07","电力","268","kWh","大批次删除集团","参数上限验证园区","验证部","BULK-0259","多记录删除子查询路径验证"
"2025-08","电力","269","kWh","大批次删除集团","参数上限验证园区","验证部","BULK-0260","多记录删除子查询路径验证"
"2025-09","电力","270","kWh","大批次删除集团","参数上限验证园区","验证部","BULK-0261","多记录删除子查询路径验证"
"2025-10","电力","271","kWh","大批次删除集团","参数上限验证园区","验证部","BULK-0262","多记录删除子查询路径验证"
"2025-11","电力","272","kWh","大批次删除集团","参数上限验证园区","验证部","BULK-0263","多记录删除子查询路径验证"
"2025-12","电力","273","kWh","大批次删除集团","参数上限验证园区","验证部","BULK-0264","多记录删除子查询路径验证"
"2025-01","电力","274","kWh","大批次删除集团","参数上限验证园区","验证部","BULK-0265","多记录删除子查询路径验证"
"2025-02","电力","275","kWh","大批次删除集团","参数上限验证园区","验证部","BULK-0266","多记录删除子查询路径验证"
"2025-03","电力","276","kWh","大批次删除集团","参数上限验证园区","验证部","BULK-0267","多记录删除子查询路径验证"
"2025-04","电力","277","kWh","大批次删除集团","参数上限验证园区","验证部","BULK-0268","多记录删除子查询路径验证"
"2025-05","电力","278","kWh","大批次删除集团","参数上限验证园区","验证部","BULK-0269","多记录删除子查询路径验证"
"2025-06","电力","279","kWh","大批次删除集团","参数上限验证园区","验证部","BULK-0270","多记录删除子查询路径验证"
"2025-07","电力","280","kWh","大批次删除集团","参数上限验证园区","验证部","BULK-0271","多记录删除子查询路径验证"
"2025-08","电力","281","kWh","大批次删除集团","参数上限验证园区","验证部","BULK-0272","多记录删除子查询路径验证"
"2025-09","电力","282","kWh","大批次删除集团","参数上限验证园区","验证部","BULK-0273","多记录删除子查询路径验证"
"2025-10","电力","283","kWh","大批次删除集团","参数上限验证园区","验证部","BULK-0274","多记录删除子查询路径验证"
"2025-11","电力","284","kWh","大批次删除集团","参数上限验证园区","验证部","BULK-0275","多记录删除子查询路径验证"
"2025-12","电力","285","kWh","大批次删除集团","参数上限验证园区","验证部","BULK-0276","多记录删除子查询路径验证"
"2025-01","电力","286","kWh","大批次删除集团","参数上限验证园区","验证部","BULK-0277","多记录删除子查询路径验证"
"2025-02","电力","287","kWh","大批次删除集团","参数上限验证园区","验证部","BULK-0278","多记录删除子查询路径验证"
"2025-03","电力","288","kWh","大批次删除集团","参数上限验证园区","验证部","BULK-0279","多记录删除子查询路径验证"
"2025-04","电力","289","kWh","大批次删除集团","参数上限验证园区","验证部","BULK-0280","多记录删除子查询路径验证"
"2025-05","电力","290","kWh","大批次删除集团","参数上限验证园区","验证部","BULK-0281","多记录删除子查询路径验证"
"2025-06","电力","291","kWh","大批次删除集团","参数上限验证园区","验证部","BULK-0282","多记录删除子查询路径验证"
"2025-07","电力","292","kWh","大批次删除集团","参数上限验证园区","验证部","BULK-0283","多记录删除子查询路径验证"
"2025-08","电力","293","kWh","大批次删除集团","参数上限验证园区","验证部","BULK-0284","多记录删除子查询路径验证"
"2025-09","电力","294","kWh","大批次删除集团","参数上限验证园区","验证部","BULK-0285","多记录删除子查询路径验证"
"2025-10","电力","295","kWh","大批次删除集团","参数上限验证园区","验证部","BULK-0286","多记录删除子查询路径验证"
"2025-11","电力","296","kWh","大批次删除集团","参数上限验证园区","验证部","BULK-0287","多记录删除子查询路径验证"
"2025-12","电力","297","kWh","大批次删除集团","参数上限验证园区","验证部","BULK-0288","多记录删除子查询路径验证"
"2025-01","电力","298","kWh","大批次删除集团","参数上限验证园区","验证部","BULK-0289","多记录删除子查询路径验证"
"2025-02","电力","299","kWh","大批次删除集团","参数上限验证园区","验证部","BULK-0290","多记录删除子查询路径验证"
"2025-03","电力","300","kWh","大批次删除集团","参数上限验证园区","验证部","BULK-0291","多记录删除子查询路径验证"
"2025-04","电力","301","kWh","大批次删除集团","参数上限验证园区","验证部","BULK-0292","多记录删除子查询路径验证"
"2025-05","电力","302","kWh","大批次删除集团","参数上限验证园区","验证部","BULK-0293","多记录删除子查询路径验证"
"2025-06","电力","303","kWh","大批次删除集团","参数上限验证园区","验证部","BULK-0294","多记录删除子查询路径验证"
"2025-07","电力","304","kWh","大批次删除集团","参数上限验证园区","验证部","BULK-0295","多记录删除子查询路径验证"
"2025-08","电力","305","kWh","大批次删除集团","参数上限验证园区","验证部","BULK-0296","多记录删除子查询路径验证"
"2025-09","电力","306","kWh","大批次删除集团","参数上限验证园区","验证部","BULK-0297","多记录删除子查询路径验证"
"2025-10","电力","307","kWh","大批次删除集团","参数上限验证园区","验证部","BULK-0298","多记录删除子查询路径验证"
"2025-11","电力","308","kWh","大批次删除集团","参数上限验证园区","验证部","BULK-0299","多记录删除子查询路径验证"
"2025-12","电力","309","kWh","大批次删除集团","参数上限验证园区","验证部","BULK-0300","多记录删除子查询路径验证"
"2025-01","电力","310","kWh","大批次删除集团","参数上限验证园区","验证部","BULK-0301","多记录删除子查询路径验证"
"2025-02","电力","311","kWh","大批次删除集团","参数上限验证园区","验证部","BULK-0302","多记录删除子查询路径验证"
"2025-03","电力","312","kWh","大批次删除集团","参数上限验证园区","验证部","BULK-0303","多记录删除子查询路径验证"
"2025-04","电力","313","kWh","大批次删除集团","参数上限验证园区","验证部","BULK-0304","多记录删除子查询路径验证"
"2025-05","电力","314","kWh","大批次删除集团","参数上限验证园区","验证部","BULK-0305","多记录删除子查询路径验证"
"2025-06","电力","315","kWh","大批次删除集团","参数上限验证园区","验证部","BULK-0306","多记录删除子查询路径验证"
"2025-07","电力","316","kWh","大批次删除集团","参数上限验证园区","验证部","BULK-0307","多记录删除子查询路径验证"
"2025-08","电力","317","kWh","大批次删除集团","参数上限验证园区","验证部","BULK-0308","多记录删除子查询路径验证"
"2025-09","电力","318","kWh","大批次删除集团","参数上限验证园区","验证部","BULK-0309","多记录删除子查询路径验证"
"2025-10","电力","319","kWh","大批次删除集团","参数上限验证园区","验证部","BULK-0310","多记录删除子查询路径验证"
"2025-11","电力","320","kWh","大批次删除集团","参数上限验证园区","验证部","BULK-0311","多记录删除子查询路径验证"
"2025-12","电力","321","kWh","大批次删除集团","参数上限验证园区","验证部","BULK-0312","多记录删除子查询路径验证"
"2025-01","电力","322","kWh","大批次删除集团","参数上限验证园区","验证部","BULK-0313","多记录删除子查询路径验证"
"2025-02","电力","323","kWh","大批次删除集团","参数上限验证园区","验证部","BULK-0314","多记录删除子查询路径验证"
"2025-03","电力","324","kWh","大批次删除集团","参数上限验证园区","验证部","BULK-0315","多记录删除子查询路径验证"
"2025-04","电力","325","kWh","大批次删除集团","参数上限验证园区","验证部","BULK-0316","多记录删除子查询路径验证"
"2025-05","电力","326","kWh","大批次删除集团","参数上限验证园区","验证部","BULK-0317","多记录删除子查询路径验证"
"2025-06","电力","327","kWh","大批次删除集团","参数上限验证园区","验证部","BULK-0318","多记录删除子查询路径验证"
"2025-07","电力","328","kWh","大批次删除集团","参数上限验证园区","验证部","BULK-0319","多记录删除子查询路径验证"
"2025-08","电力","329","kWh","大批次删除集团","参数上限验证园区","验证部","BULK-0320","多记录删除子查询路径验证"
"2025-09","电力","330","kWh","大批次删除集团","参数上限验证园区","验证部","BULK-0321","多记录删除子查询路径验证"
"2025-10","电力","331","kWh","大批次删除集团","参数上限验证园区","验证部","BULK-0322","多记录删除子查询路径验证"
"2025-11","电力","332","kWh","大批次删除集团","参数上限验证园区","验证部","BULK-0323","多记录删除子查询路径验证"
"2025-12","电力","333","kWh","大批次删除集团","参数上限验证园区","验证部","BULK-0324","多记录删除子查询路径验证"
"2025-01","电力","334","kWh","大批次删除集团","参数上限验证园区","验证部","BULK-0325","多记录删除子查询路径验证"
"2025-02","电力","335","kWh","大批次删除集团","参数上限验证园区","验证部","BULK-0326","多记录删除子查询路径验证"
"2025-03","电力","336","kWh","大批次删除集团","参数上限验证园区","验证部","BULK-0327","多记录删除子查询路径验证"
"2025-04","电力","337","kWh","大批次删除集团","参数上限验证园区","验证部","BULK-0328","多记录删除子查询路径验证"
"2025-05","电力","338","kWh","大批次删除集团","参数上限验证园区","验证部","BULK-0329","多记录删除子查询路径验证"
"2025-06","电力","339","kWh","大批次删除集团","参数上限验证园区","验证部","BULK-0330","多记录删除子查询路径验证"
"2025-07","电力","340","kWh","大批次删除集团","参数上限验证园区","验证部","BULK-0331","多记录删除子查询路径验证"
"2025-08","电力","341","kWh","大批次删除集团","参数上限验证园区","验证部","BULK-0332","多记录删除子查询路径验证"
"2025-09","电力","342","kWh","大批次删除集团","参数上限验证园区","验证部","BULK-0333","多记录删除子查询路径验证"
"2025-10","电力","343","kWh","大批次删除集团","参数上限验证园区","验证部","BULK-0334","多记录删除子查询路径验证"
"2025-11","电力","344","kWh","大批次删除集团","参数上限验证园区","验证部","BULK-0335","多记录删除子查询路径验证"
"2025-12","电力","345","kWh","大批次删除集团","参数上限验证园区","验证部","BULK-0336","多记录删除子查询路径验证"
"2025-01","电力","346","kWh","大批次删除集团","参数上限验证园区","验证部","BULK-0337","多记录删除子查询路径验证"
"2025-02","电力","347","kWh","大批次删除集团","参数上限验证园区","验证部","BULK-0338","多记录删除子查询路径验证"
"2025-03","电力","348","kWh","大批次删除集团","参数上限验证园区","验证部","BULK-0339","多记录删除子查询路径验证"
"2025-04","电力","349","kWh","大批次删除集团","参数上限验证园区","验证部","BULK-0340","多记录删除子查询路径验证"
"2025-05","电力","350","kWh","大批次删除集团","参数上限验证园区","验证部","BULK-0341","多记录删除子查询路径验证"
"2025-06","电力","351","kWh","大批次删除集团","参数上限验证园区","验证部","BULK-0342","多记录删除子查询路径验证"
"2025-07","电力","352","kWh","大批次删除集团","参数上限验证园区","验证部","BULK-0343","多记录删除子查询路径验证"
"2025-08","电力","353","kWh","大批次删除集团","参数上限验证园区","验证部","BULK-0344","多记录删除子查询路径验证"
"2025-09","电力","354","kWh","大批次删除集团","参数上限验证园区","验证部","BULK-0345","多记录删除子查询路径验证"
"2025-10","电力","355","kWh","大批次删除集团","参数上限验证园区","验证部","BULK-0346","多记录删除子查询路径验证"
"2025-11","电力","356","kWh","大批次删除集团","参数上限验证园区","验证部","BULK-0347","多记录删除子查询路径验证"
"2025-12","电力","357","kWh","大批次删除集团","参数上限验证园区","验证部","BULK-0348","多记录删除子查询路径验证"
"2025-01","电力","358","kWh","大批次删除集团","参数上限验证园区","验证部","BULK-0349","多记录删除子查询路径验证"
"2025-02","电力","359","kWh","大批次删除集团","参数上限验证园区","验证部","BULK-0350","多记录删除子查询路径验证"
"2025-03","电力","360","kWh","大批次删除集团","参数上限验证园区","验证部","BULK-0351","多记录删除子查询路径验证"
"2025-04","电力","361","kWh","大批次删除集团","参数上限验证园区","验证部","BULK-0352","多记录删除子查询路径验证"
"2025-05","电力","362","kWh","大批次删除集团","参数上限验证园区","验证部","BULK-0353","多记录删除子查询路径验证"
"2025-06","电力","363","kWh","大批次删除集团","参数上限验证园区","验证部","BULK-0354","多记录删除子查询路径验证"
"2025-07","电力","364","kWh","大批次删除集团","参数上限验证园区","验证部","BULK-0355","多记录删除子查询路径验证"
"2025-08","电力","365","kWh","大批次删除集团","参数上限验证园区","验证部","BULK-0356","多记录删除子查询路径验证"
"2025-09","电力","366","kWh","大批次删除集团","参数上限验证园区","验证部","BULK-0357","多记录删除子查询路径验证"
"2025-10","电力","367","kWh","大批次删除集团","参数上限验证园区","验证部","BULK-0358","多记录删除子查询路径验证"
"2025-11","电力","368","kWh","大批次删除集团","参数上限验证园区","验证部","BULK-0359","多记录删除子查询路径验证"
"2025-12","电力","369","kWh","大批次删除集团","参数上限验证园区","验证部","BULK-0360","多记录删除子查询路径验证"
"2025-01","电力","370","kWh","大批次删除集团","参数上限验证园区","验证部","BULK-0361","多记录删除子查询路径验证"
"2025-02","电力","371","kWh","大批次删除集团","参数上限验证园区","验证部","BULK-0362","多记录删除子查询路径验证"
"2025-03","电力","372","kWh","大批次删除集团","参数上限验证园区","验证部","BULK-0363","多记录删除子查询路径验证"
"2025-04","电力","373","kWh","大批次删除集团","参数上限验证园区","验证部","BULK-0364","多记录删除子查询路径验证"
"2025-05","电力","374","kWh","大批次删除集团","参数上限验证园区","验证部","BULK-0365","多记录删除子查询路径验证"
"2025-06","电力","375","kWh","大批次删除集团","参数上限验证园区","验证部","BULK-0366","多记录删除子查询路径验证"
"2025-07","电力","376","kWh","大批次删除集团","参数上限验证园区","验证部","BULK-0367","多记录删除子查询路径验证"
"2025-08","电力","377","kWh","大批次删除集团","参数上限验证园区","验证部","BULK-0368","多记录删除子查询路径验证"
"2025-09","电力","378","kWh","大批次删除集团","参数上限验证园区","验证部","BULK-0369","多记录删除子查询路径验证"
"2025-10","电力","379","kWh","大批次删除集团","参数上限验证园区","验证部","BULK-0370","多记录删除子查询路径验证"
"2025-11","电力","380","kWh","大批次删除集团","参数上限验证园区","验证部","BULK-0371","多记录删除子查询路径验证"
"2025-12","电力","381","kWh","大批次删除集团","参数上限验证园区","验证部","BULK-0372","多记录删除子查询路径验证"
"2025-01","电力","382","kWh","大批次删除集团","参数上限验证园区","验证部","BULK-0373","多记录删除子查询路径验证"
"2025-02","电力","383","kWh","大批次删除集团","参数上限验证园区","验证部","BULK-0374","多记录删除子查询路径验证"
"2025-03","电力","384","kWh","大批次删除集团","参数上限验证园区","验证部","BULK-0375","多记录删除子查询路径验证"
"2025-04","电力","385","kWh","大批次删除集团","参数上限验证园区","验证部","BULK-0376","多记录删除子查询路径验证"
"2025-05","电力","386","kWh","大批次删除集团","参数上限验证园区","验证部","BULK-0377","多记录删除子查询路径验证"
"2025-06","电力","387","kWh","大批次删除集团","参数上限验证园区","验证部","BULK-0378","多记录删除子查询路径验证"
"2025-07","电力","388","kWh","大批次删除集团","参数上限验证园区","验证部","BULK-0379","多记录删除子查询路径验证"
"2025-08","电力","389","kWh","大批次删除集团","参数上限验证园区","验证部","BULK-0380","多记录删除子查询路径验证"
"2025-09","电力","390","kWh","大批次删除集团","参数上限验证园区","验证部","BULK-0381","多记录删除子查询路径验证"
"2025-10","电力","391","kWh","大批次删除集团","参数上限验证园区","验证部","BULK-0382","多记录删除子查询路径验证"
"2025-11","电力","392","kWh","大批次删除集团","参数上限验证园区","验证部","BULK-0383","多记录删除子查询路径验证"
"2025-12","电力","393","kWh","大批次删除集团","参数上限验证园区","验证部","BULK-0384","多记录删除子查询路径验证"
"2025-01","电力","394","kWh","大批次删除集团","参数上限验证园区","验证部","BULK-0385","多记录删除子查询路径验证"
"2025-02","电力","395","kWh","大批次删除集团","参数上限验证园区","验证部","BULK-0386","多记录删除子查询路径验证"
"2025-03","电力","396","kWh","大批次删除集团","参数上限验证园区","验证部","BULK-0387","多记录删除子查询路径验证"
"2025-04","电力","397","kWh","大批次删除集团","参数上限验证园区","验证部","BULK-0388","多记录删除子查询路径验证"
"2025-05","电力","398","kWh","大批次删除集团","参数上限验证园区","验证部","BULK-0389","多记录删除子查询路径验证"
"2025-06","电力","399","kWh","大批次删除集团","参数上限验证园区","验证部","BULK-0390","多记录删除子查询路径验证"
"2025-07","电力","400","kWh","大批次删除集团","参数上限验证园区","验证部","BULK-0391","多记录删除子查询路径验证"
"2025-08","电力","401","kWh","大批次删除集团","参数上限验证园区","验证部","BULK-0392","多记录删除子查询路径验证"
"2025-09","电力","402","kWh","大批次删除集团","参数上限验证园区","验证部","BULK-0393","多记录删除子查询路径验证"
"2025-10","电力","403","kWh","大批次删除集团","参数上限验证园区","验证部","BULK-0394","多记录删除子查询路径验证"
"2025-11","电力","404","kWh","大批次删除集团","参数上限验证园区","验证部","BULK-0395","多记录删除子查询路径验证"
"2025-12","电力","405","kWh","大批次删除集团","参数上限验证园区","验证部","BULK-0396","多记录删除子查询路径验证"
"2025-01","电力","406","kWh","大批次删除集团","参数上限验证园区","验证部","BULK-0397","多记录删除子查询路径验证"
"2025-02","电力","407","kWh","大批次删除集团","参数上限验证园区","验证部","BULK-0398","多记录删除子查询路径验证"
"2025-03","电力","408","kWh","大批次删除集团","参数上限验证园区","验证部","BULK-0399","多记录删除子查询路径验证"
"2025-04","电力","409","kWh","大批次删除集团","参数上限验证园区","验证部","BULK-0400","多记录删除子查询路径验证"
"2025-05","电力","410","kWh","大批次删除集团","参数上限验证园区","验证部","BULK-0401","多记录删除子查询路径验证"
"2025-06","电力","411","kWh","大批次删除集团","参数上限验证园区","验证部","BULK-0402","多记录删除子查询路径验证"
"2025-07","电力","412","kWh","大批次删除集团","参数上限验证园区","验证部","BULK-0403","多记录删除子查询路径验证"
"2025-08","电力","413","kWh","大批次删除集团","参数上限验证园区","验证部","BULK-0404","多记录删除子查询路径验证"
"2025-09","电力","414","kWh","大批次删除集团","参数上限验证园区","验证部","BULK-0405","多记录删除子查询路径验证"
"2025-10","电力","415","kWh","大批次删除集团","参数上限验证园区","验证部","BULK-0406","多记录删除子查询路径验证"
"2025-11","电力","416","kWh","大批次删除集团","参数上限验证园区","验证部","BULK-0407","多记录删除子查询路径验证"
"2025-12","电力","417","kWh","大批次删除集团","参数上限验证园区","验证部","BULK-0408","多记录删除子查询路径验证"
"2025-01","电力","418","kWh","大批次删除集团","参数上限验证园区","验证部","BULK-0409","多记录删除子查询路径验证"
"2025-02","电力","419","kWh","大批次删除集团","参数上限验证园区","验证部","BULK-0410","多记录删除子查询路径验证"
"2025-03","电力","420","kWh","大批次删除集团","参数上限验证园区","验证部","BULK-0411","多记录删除子查询路径验证"
"2025-04","电力","421","kWh","大批次删除集团","参数上限验证园区","验证部","BULK-0412","多记录删除子查询路径验证"
"2025-05","电力","422","kWh","大批次删除集团","参数上限验证园区","验证部","BULK-0413","多记录删除子查询路径验证"
"2025-06","电力","423","kWh","大批次删除集团","参数上限验证园区","验证部","BULK-0414","多记录删除子查询路径验证"
"2025-07","电力","424","kWh","大批次删除集团","参数上限验证园区","验证部","BULK-0415","多记录删除子查询路径验证"
"2025-08","电力","425","kWh","大批次删除集团","参数上限验证园区","验证部","BULK-0416","多记录删除子查询路径验证"
"2025-09","电力","426","kWh","大批次删除集团","参数上限验证园区","验证部","BULK-0417","多记录删除子查询路径验证"
"2025-10","电力","427","kWh","大批次删除集团","参数上限验证园区","验证部","BULK-0418","多记录删除子查询路径验证"
"2025-11","电力","428","kWh","大批次删除集团","参数上限验证园区","验证部","BULK-0419","多记录删除子查询路径验证"
"2025-12","电力","429","kWh","大批次删除集团","参数上限验证园区","验证部","BULK-0420","多记录删除子查询路径验证"
"2025-01","电力","430","kWh","大批次删除集团","参数上限验证园区","验证部","BULK-0421","多记录删除子查询路径验证"
"2025-02","电力","431","kWh","大批次删除集团","参数上限验证园区","验证部","BULK-0422","多记录删除子查询路径验证"
"2025-03","电力","432","kWh","大批次删除集团","参数上限验证园区","验证部","BULK-0423","多记录删除子查询路径验证"
"2025-04","电力","433","kWh","大批次删除集团","参数上限验证园区","验证部","BULK-0424","多记录删除子查询路径验证"
"2025-05","电力","434","kWh","大批次删除集团","参数上限验证园区","验证部","BULK-0425","多记录删除子查询路径验证"
"2025-06","电力","435","kWh","大批次删除集团","参数上限验证园区","验证部","BULK-0426","多记录删除子查询路径验证"
"2025-07","电力","436","kWh","大批次删除集团","参数上限验证园区","验证部","BULK-0427","多记录删除子查询路径验证"
"2025-08","电力","437","kWh","大批次删除集团","参数上限验证园区","验证部","BULK-0428","多记录删除子查询路径验证"
"2025-09","电力","438","kWh","大批次删除集团","参数上限验证园区","验证部","BULK-0429","多记录删除子查询路径验证"
"2025-10","电力","439","kWh","大批次删除集团","参数上限验证园区","验证部","BULK-0430","多记录删除子查询路径验证"
"2025-11","电力","440","kWh","大批次删除集团","参数上限验证园区","验证部","BULK-0431","多记录删除子查询路径验证"
"2025-12","电力","441","kWh","大批次删除集团","参数上限验证园区","验证部","BULK-0432","多记录删除子查询路径验证"
"2025-01","电力","442","kWh","大批次删除集团","参数上限验证园区","验证部","BULK-0433","多记录删除子查询路径验证"
"2025-02","电力","443","kWh","大批次删除集团","参数上限验证园区","验证部","BULK-0434","多记录删除子查询路径验证"
"2025-03","电力","444","kWh","大批次删除集团","参数上限验证园区","验证部","BULK-0435","多记录删除子查询路径验证"
"2025-04","电力","445","kWh","大批次删除集团","参数上限验证园区","验证部","BULK-0436","多记录删除子查询路径验证"
"2025-05","电力","446","kWh","大批次删除集团","参数上限验证园区","验证部","BULK-0437","多记录删除子查询路径验证"
"2025-06","电力","447","kWh","大批次删除集团","参数上限验证园区","验证部","BULK-0438","多记录删除子查询路径验证"
"2025-07","电力","448","kWh","大批次删除集团","参数上限验证园区","验证部","BULK-0439","多记录删除子查询路径验证"
"2025-08","电力","449","kWh","大批次删除集团","参数上限验证园区","验证部","BULK-0440","多记录删除子查询路径验证"
"2025-09","电力","450","kWh","大批次删除集团","参数上限验证园区","验证部","BULK-0441","多记录删除子查询路径验证"
"2025-10","电力","451","kWh","大批次删除集团","参数上限验证园区","验证部","BULK-0442","多记录删除子查询路径验证"
"2025-11","电力","452","kWh","大批次删除集团","参数上限验证园区","验证部","BULK-0443","多记录删除子查询路径验证"
"2025-12","电力","453","kWh","大批次删除集团","参数上限验证园区","验证部","BULK-0444","多记录删除子查询路径验证"
"2025-01","电力","454","kWh","大批次删除集团","参数上限验证园区","验证部","BULK-0445","多记录删除子查询路径验证"
"2025-02","电力","455","kWh","大批次删除集团","参数上限验证园区","验证部","BULK-0446","多记录删除子查询路径验证"
"2025-03","电力","456","kWh","大批次删除集团","参数上限验证园区","验证部","BULK-0447","多记录删除子查询路径验证"
"2025-04","电力","457","kWh","大批次删除集团","参数上限验证园区","验证部","BULK-0448","多记录删除子查询路径验证"
"2025-05","电力","458","kWh","大批次删除集团","参数上限验证园区","验证部","BULK-0449","多记录删除子查询路径验证"
"2025-06","电力","459","kWh","大批次删除集团","参数上限验证园区","验证部","BULK-0450","多记录删除子查询路径验证"
"2025-07","电力","460","kWh","大批次删除集团","参数上限验证园区","验证部","BULK-0451","多记录删除子查询路径验证"
"2025-08","电力","461","kWh","大批次删除集团","参数上限验证园区","验证部","BULK-0452","多记录删除子查询路径验证"
"2025-09","电力","462","kWh","大批次删除集团","参数上限验证园区","验证部","BULK-0453","多记录删除子查询路径验证"
"2025-10","电力","463","kWh","大批次删除集团","参数上限验证园区","验证部","BULK-0454","多记录删除子查询路径验证"
"2025-11","电力","464","kWh","大批次删除集团","参数上限验证园区","验证部","BULK-0455","多记录删除子查询路径验证"
"2025-12","电力","465","kWh","大批次删除集团","参数上限验证园区","验证部","BULK-0456","多记录删除子查询路径验证"
"2025-01","电力","466","kWh","大批次删除集团","参数上限验证园区","验证部","BULK-0457","多记录删除子查询路径验证"
"2025-02","电力","467","kWh","大批次删除集团","参数上限验证园区","验证部","BULK-0458","多记录删除子查询路径验证"
"2025-03","电力","468","kWh","大批次删除集团","参数上限验证园区","验证部","BULK-0459","多记录删除子查询路径验证"
"2025-04","电力","469","kWh","大批次删除集团","参数上限验证园区","验证部","BULK-0460","多记录删除子查询路径验证"
"2025-05","电力","470","kWh","大批次删除集团","参数上限验证园区","验证部","BULK-0461","多记录删除子查询路径验证"
"2025-06","电力","471","kWh","大批次删除集团","参数上限验证园区","验证部","BULK-0462","多记录删除子查询路径验证"
"2025-07","电力","472","kWh","大批次删除集团","参数上限验证园区","验证部","BULK-0463","多记录删除子查询路径验证"
"2025-08","电力","473","kWh","大批次删除集团","参数上限验证园区","验证部","BULK-0464","多记录删除子查询路径验证"
"2025-09","电力","474","kWh","大批次删除集团","参数上限验证园区","验证部","BULK-0465","多记录删除子查询路径验证"
"2025-10","电力","475","kWh","大批次删除集团","参数上限验证园区","验证部","BULK-0466","多记录删除子查询路径验证"
"2025-11","电力","476","kWh","大批次删除集团","参数上限验证园区","验证部","BULK-0467","多记录删除子查询路径验证"
"2025-12","电力","477","kWh","大批次删除集团","参数上限验证园区","验证部","BULK-0468","多记录删除子查询路径验证"
"2025-01","电力","478","kWh","大批次删除集团","参数上限验证园区","验证部","BULK-0469","多记录删除子查询路径验证"
"2025-02","电力","479","kWh","大批次删除集团","参数上限验证园区","验证部","BULK-0470","多记录删除子查询路径验证"
"2025-03","电力","480","kWh","大批次删除集团","参数上限验证园区","验证部","BULK-0471","多记录删除子查询路径验证"
"2025-04","电力","481","kWh","大批次删除集团","参数上限验证园区","验证部","BULK-0472","多记录删除子查询路径验证"
"2025-05","电力","482","kWh","大批次删除集团","参数上限验证园区","验证部","BULK-0473","多记录删除子查询路径验证"
"2025-06","电力","483","kWh","大批次删除集团","参数上限验证园区","验证部","BULK-0474","多记录删除子查询路径验证"
"2025-07","电力","484","kWh","大批次删除集团","参数上限验证园区","验证部","BULK-0475","多记录删除子查询路径验证"
"2025-08","电力","485","kWh","大批次删除集团","参数上限验证园区","验证部","BULK-0476","多记录删除子查询路径验证"
"2025-09","电力","486","kWh","大批次删除集团","参数上限验证园区","验证部","BULK-0477","多记录删除子查询路径验证"
"2025-10","电力","487","kWh","大批次删除集团","参数上限验证园区","验证部","BULK-0478","多记录删除子查询路径验证"
"2025-11","电力","488","kWh","大批次删除集团","参数上限验证园区","验证部","BULK-0479","多记录删除子查询路径验证"
"2025-12","电力","489","kWh","大批次删除集团","参数上限验证园区","验证部","BULK-0480","多记录删除子查询路径验证"
"2025-01","电力","490","kWh","大批次删除集团","参数上限验证园区","验证部","BULK-0481","多记录删除子查询路径验证"
"2025-02","电力","491","kWh","大批次删除集团","参数上限验证园区","验证部","BULK-0482","多记录删除子查询路径验证"
"2025-03","电力","492","kWh","大批次删除集团","参数上限验证园区","验证部","BULK-0483","多记录删除子查询路径验证"
"2025-04","电力","493","kWh","大批次删除集团","参数上限验证园区","验证部","BULK-0484","多记录删除子查询路径验证"
"2025-05","电力","494","kWh","大批次删除集团","参数上限验证园区","验证部","BULK-0485","多记录删除子查询路径验证"
"2025-06","电力","495","kWh","大批次删除集团","参数上限验证园区","验证部","BULK-0486","多记录删除子查询路径验证"
"2025-07","电力","496","kWh","大批次删除集团","参数上限验证园区","验证部","BULK-0487","多记录删除子查询路径验证"
"2025-08","电力","497","kWh","大批次删除集团","参数上限验证园区","验证部","BULK-0488","多记录删除子查询路径验证"
"2025-09","电力","498","kWh","大批次删除集团","参数上限验证园区","验证部","BULK-0489","多记录删除子查询路径验证"
"2025-10","电力","499","kWh","大批次删除集团","参数上限验证园区","验证部","BULK-0490","多记录删除子查询路径验证"
"2025-11","电力","500","kWh","大批次删除集团","参数上限验证园区","验证部","BULK-0491","多记录删除子查询路径验证"
"2025-12","电力","501","kWh","大批次删除集团","参数上限验证园区","验证部","BULK-0492","多记录删除子查询路径验证"
"2025-01","电力","502","kWh","大批次删除集团","参数上限验证园区","验证部","BULK-0493","多记录删除子查询路径验证"
"2025-02","电力","503","kWh","大批次删除集团","参数上限验证园区","验证部","BULK-0494","多记录删除子查询路径验证"
"2025-03","电力","504","kWh","大批次删除集团","参数上限验证园区","验证部","BULK-0495","多记录删除子查询路径验证"
"2025-04","电力","505","kWh","大批次删除集团","参数上限验证园区","验证部","BULK-0496","多记录删除子查询路径验证"
"2025-05","电力","506","kWh","大批次删除集团","参数上限验证园区","验证部","BULK-0497","多记录删除子查询路径验证"
"2025-06","电力","507","kWh","大批次删除集团","参数上限验证园区","验证部","BULK-0498","多记录删除子查询路径验证"
"2025-07","电力","508","kWh","大批次删除集团","参数上限验证园区","验证部","BULK-0499","多记录删除子查询路径验证"
"2025-08","电力","509","kWh","大批次删除集团","参数上限验证园区","验证部","BULK-0500","多记录删除子查询路径验证"
"2025-09","电力","510","kWh","大批次删除集团","参数上限验证园区","验证部","BULK-0501","多记录删除子查询路径验证"
"2025-10","电力","511","kWh","大批次删除集团","参数上限验证园区","验证部","BULK-0502","多记录删除子查询路径验证"
"2025-11","电力","512","kWh","大批次删除集团","参数上限验证园区","验证部","BULK-0503","多记录删除子查询路径验证"
"2025-12","电力","513","kWh","大批次删除集团","参数上限验证园区","验证部","BULK-0504","多记录删除子查询路径验证"
"2025-01","电力","514","kWh","大批次删除集团","参数上限验证园区","验证部","BULK-0505","多记录删除子查询路径验证"
"2025-02","电力","515","kWh","大批次删除集团","参数上限验证园区","验证部","BULK-0506","多记录删除子查询路径验证"
"2025-03","电力","516","kWh","大批次删除集团","参数上限验证园区","验证部","BULK-0507","多记录删除子查询路径验证"
"2025-04","电力","517","kWh","大批次删除集团","参数上限验证园区","验证部","BULK-0508","多记录删除子查询路径验证"
"2025-05","电力","518","kWh","大批次删除集团","参数上限验证园区","验证部","BULK-0509","多记录删除子查询路径验证"
"2025-06","电力","519","kWh","大批次删除集团","参数上限验证园区","验证部","BULK-0510","多记录删除子查询路径验证"
"2025-07","电力","520","kWh","大批次删除集团","参数上限验证园区","验证部","BULK-0511","多记录删除子查询路径验证"
"2025-08","电力","521","kWh","大批次删除集团","参数上限验证园区","验证部","BULK-0512","多记录删除子查询路径验证"
"2025-09","电力","522","kWh","大批次删除集团","参数上限验证园区","验证部","BULK-0513","多记录删除子查询路径验证"
"2025-10","电力","523","kWh","大批次删除集团","参数上限验证园区","验证部","BULK-0514","多记录删除子查询路径验证"
"2025-11","电力","524","kWh","大批次删除集团","参数上限验证园区","验证部","BULK-0515","多记录删除子查询路径验证"
"2025-12","电力","525","kWh","大批次删除集团","参数上限验证园区","验证部","BULK-0516","多记录删除子查询路径验证"
"2025-01","电力","526","kWh","大批次删除集团","参数上限验证园区","验证部","BULK-0517","多记录删除子查询路径验证"
"2025-02","电力","527","kWh","大批次删除集团","参数上限验证园区","验证部","BULK-0518","多记录删除子查询路径验证"
"2025-03","电力","528","kWh","大批次删除集团","参数上限验证园区","验证部","BULK-0519","多记录删除子查询路径验证"
"2025-04","电力","529","kWh","大批次删除集团","参数上限验证园区","验证部","BULK-0520","多记录删除子查询路径验证"
"2025-05","电力","530","kWh","大批次删除集团","参数上限验证园区","验证部","BULK-0521","多记录删除子查询路径验证"
"2025-06","电力","531","kWh","大批次删除集团","参数上限验证园区","验证部","BULK-0522","多记录删除子查询路径验证"
"2025-07","电力","532","kWh","大批次删除集团","参数上限验证园区","验证部","BULK-0523","多记录删除子查询路径验证"
"2025-08","电力","533","kWh","大批次删除集团","参数上限验证园区","验证部","BULK-0524","多记录删除子查询路径验证"
"2025-09","电力","534","kWh","大批次删除集团","参数上限验证园区","验证部","BULK-0525","多记录删除子查询路径验证"
"2025-10","电力","535","kWh","大批次删除集团","参数上限验证园区","验证部","BULK-0526","多记录删除子查询路径验证"
"2025-11","电力","536","kWh","大批次删除集团","参数上限验证园区","验证部","BULK-0527","多记录删除子查询路径验证"
"2025-12","电力","537","kWh","大批次删除集团","参数上限验证园区","验证部","BULK-0528","多记录删除子查询路径验证"
"2025-01","电力","538","kWh","大批次删除集团","参数上限验证园区","验证部","BULK-0529","多记录删除子查询路径验证"
"2025-02","电力","539","kWh","大批次删除集团","参数上限验证园区","验证部","BULK-0530","多记录删除子查询路径验证"
"2025-03","电力","540","kWh","大批次删除集团","参数上限验证园区","验证部","BULK-0531","多记录删除子查询路径验证"
"2025-04","电力","541","kWh","大批次删除集团","参数上限验证园区","验证部","BULK-0532","多记录删除子查询路径验证"
"2025-05","电力","542","kWh","大批次删除集团","参数上限验证园区","验证部","BULK-0533","多记录删除子查询路径验证"
"2025-06","电力","543","kWh","大批次删除集团","参数上限验证园区","验证部","BULK-0534","多记录删除子查询路径验证"
"2025-07","电力","544","kWh","大批次删除集团","参数上限验证园区","验证部","BULK-0535","多记录删除子查询路径验证"
"2025-08","电力","545","kWh","大批次删除集团","参数上限验证园区","验证部","BULK-0536","多记录删除子查询路径验证"
"2025-09","电力","546","kWh","大批次删除集团","参数上限验证园区","验证部","BULK-0537","多记录删除子查询路径验证"
"2025-10","电力","547","kWh","大批次删除集团","参数上限验证园区","验证部","BULK-0538","多记录删除子查询路径验证"
"2025-11","电力","548","kWh","大批次删除集团","参数上限验证园区","验证部","BULK-0539","多记录删除子查询路径验证"
"2025-12","电力","549","kWh","大批次删除集团","参数上限验证园区","验证部","BULK-0540","多记录删除子查询路径验证"
"2025-01","电力","550","kWh","大批次删除集团","参数上限验证园区","验证部","BULK-0541","多记录删除子查询路径验证"
"2025-02","电力","551","kWh","大批次删除集团","参数上限验证园区","验证部","BULK-0542","多记录删除子查询路径验证"
"2025-03","电力","552","kWh","大批次删除集团","参数上限验证园区","验证部","BULK-0543","多记录删除子查询路径验证"
"2025-04","电力","553","kWh","大批次删除集团","参数上限验证园区","验证部","BULK-0544","多记录删除子查询路径验证"
"2025-05","电力","554","kWh","大批次删除集团","参数上限验证园区","验证部","BULK-0545","多记录删除子查询路径验证"
"2025-06","电力","555","kWh","大批次删除集团","参数上限验证园区","验证部","BULK-0546","多记录删除子查询路径验证"
"2025-07","电力","556","kWh","大批次删除集团","参数上限验证园区","验证部","BULK-0547","多记录删除子查询路径验证"
"2025-08","电力","557","kWh","大批次删除集团","参数上限验证园区","验证部","BULK-0548","多记录删除子查询路径验证"
"2025-09","电力","558","kWh","大批次删除集团","参数上限验证园区","验证部","BULK-0549","多记录删除子查询路径验证"
"2025-10","电力","559","kWh","大批次删除集团","参数上限验证园区","验证部","BULK-0550","多记录删除子查询路径验证"
"2025-11","电力","560","kWh","大批次删除集团","参数上限验证园区","验证部","BULK-0551","多记录删除子查询路径验证"
"2025-12","电力","561","kWh","大批次删除集团","参数上限验证园区","验证部","BULK-0552","多记录删除子查询路径验证"
"2025-01","电力","562","kWh","大批次删除集团","参数上限验证园区","验证部","BULK-0553","多记录删除子查询路径验证"
"2025-02","电力","563","kWh","大批次删除集团","参数上限验证园区","验证部","BULK-0554","多记录删除子查询路径验证"
"2025-03","电力","564","kWh","大批次删除集团","参数上限验证园区","验证部","BULK-0555","多记录删除子查询路径验证"
"2025-04","电力","565","kWh","大批次删除集团","参数上限验证园区","验证部","BULK-0556","多记录删除子查询路径验证"
"2025-05","电力","566","kWh","大批次删除集团","参数上限验证园区","验证部","BULK-0557","多记录删除子查询路径验证"
"2025-06","电力","567","kWh","大批次删除集团","参数上限验证园区","验证部","BULK-0558","多记录删除子查询路径验证"
"2025-07","电力","568","kWh","大批次删除集团","参数上限验证园区","验证部","BULK-0559","多记录删除子查询路径验证"
"2025-08","电力","569","kWh","大批次删除集团","参数上限验证园区","验证部","BULK-0560","多记录删除子查询路径验证"
"2025-09","电力","570","kWh","大批次删除集团","参数上限验证园区","验证部","BULK-0561","多记录删除子查询路径验证"
"2025-10","电力","571","kWh","大批次删除集团","参数上限验证园区","验证部","BULK-0562","多记录删除子查询路径验证"
"2025-11","电力","572","kWh","大批次删除集团","参数上限验证园区","验证部","BULK-0563","多记录删除子查询路径验证"
"2025-12","电力","573","kWh","大批次删除集团","参数上限验证园区","验证部","BULK-0564","多记录删除子查询路径验证"
"2025-01","电力","574","kWh","大批次删除集团","参数上限验证园区","验证部","BULK-0565","多记录删除子查询路径验证"
"2025-02","电力","575","kWh","大批次删除集团","参数上限验证园区","验证部","BULK-0566","多记录删除子查询路径验证"
"2025-03","电力","576","kWh","大批次删除集团","参数上限验证园区","验证部","BULK-0567","多记录删除子查询路径验证"
"2025-04","电力","577","kWh","大批次删除集团","参数上限验证园区","验证部","BULK-0568","多记录删除子查询路径验证"
"2025-05","电力","578","kWh","大批次删除集团","参数上限验证园区","验证部","BULK-0569","多记录删除子查询路径验证"
"2025-06","电力","579","kWh","大批次删除集团","参数上限验证园区","验证部","BULK-0570","多记录删除子查询路径验证"
"2025-07","电力","580","kWh","大批次删除集团","参数上限验证园区","验证部","BULK-0571","多记录删除子查询路径验证"
"2025-08","电力","581","kWh","大批次删除集团","参数上限验证园区","验证部","BULK-0572","多记录删除子查询路径验证"
"2025-09","电力","582","kWh","大批次删除集团","参数上限验证园区","验证部","BULK-0573","多记录删除子查询路径验证"
"2025-10","电力","583","kWh","大批次删除集团","参数上限验证园区","验证部","BULK-0574","多记录删除子查询路径验证"
"2025-11","电力","584","kWh","大批次删除集团","参数上限验证园区","验证部","BULK-0575","多记录删除子查询路径验证"
"2025-12","电力","585","kWh","大批次删除集团","参数上限验证园区","验证部","BULK-0576","多记录删除子查询路径验证"
"2025-01","电力","586","kWh","大批次删除集团","参数上限验证园区","验证部","BULK-0577","多记录删除子查询路径验证"
"2025-02","电力","587","kWh","大批次删除集团","参数上限验证园区","验证部","BULK-0578","多记录删除子查询路径验证"
"2025-03","电力","588","kWh","大批次删除集团","参数上限验证园区","验证部","BULK-0579","多记录删除子查询路径验证"
"2025-04","电力","589","kWh","大批次删除集团","参数上限验证园区","验证部","BULK-0580","多记录删除子查询路径验证"
"2025-05","电力","590","kWh","大批次删除集团","参数上限验证园区","验证部","BULK-0581","多记录删除子查询路径验证"
"2025-06","电力","591","kWh","大批次删除集团","参数上限验证园区","验证部","BULK-0582","多记录删除子查询路径验证"
"2025-07","电力","592","kWh","大批次删除集团","参数上限验证园区","验证部","BULK-0583","多记录删除子查询路径验证"
"2025-08","电力","593","kWh","大批次删除集团","参数上限验证园区","验证部","BULK-0584","多记录删除子查询路径验证"
"2025-09","电力","594","kWh","大批次删除集团","参数上限验证园区","验证部","BULK-0585","多记录删除子查询路径验证"
"2025-10","电力","595","kWh","大批次删除集团","参数上限验证园区","验证部","BULK-0586","多记录删除子查询路径验证"
"2025-11","电力","596","kWh","大批次删除集团","参数上限验证园区","验证部","BULK-0587","多记录删除子查询路径验证"
"2025-12","电力","597","kWh","大批次删除集团","参数上限验证园区","验证部","BULK-0588","多记录删除子查询路径验证"
"2025-01","电力","598","kWh","大批次删除集团","参数上限验证园区","验证部","BULK-0589","多记录删除子查询路径验证"
"2025-02","电力","599","kWh","大批次删除集团","参数上限验证园区","验证部","BULK-0590","多记录删除子查询路径验证"
"2025-03","电力","600","kWh","大批次删除集团","参数上限验证园区","验证部","BULK-0591","多记录删除子查询路径验证"
"2025-04","电力","601","kWh","大批次删除集团","参数上限验证园区","验证部","BULK-0592","多记录删除子查询路径验证"
"2025-05","电力","602","kWh","大批次删除集团","参数上限验证园区","验证部","BULK-0593","多记录删除子查询路径验证"
"2025-06","电力","603","kWh","大批次删除集团","参数上限验证园区","验证部","BULK-0594","多记录删除子查询路径验证"
"2025-07","电力","604","kWh","大批次删除集团","参数上限验证园区","验证部","BULK-0595","多记录删除子查询路径验证"
"2025-08","电力","605","kWh","大批次删除集团","参数上限验证园区","验证部","BULK-0596","多记录删除子查询路径验证"
"2025-09","电力","606","kWh","大批次删除集团","参数上限验证园区","验证部","BULK-0597","多记录删除子查询路径验证"
"2025-10","电力","607","kWh","大批次删除集团","参数上限验证园区","验证部","BULK-0598","多记录删除子查询路径验证"
"2025-11","电力","608","kWh","大批次删除集团","参数上限验证园区","验证部","BULK-0599","多记录删除子查询路径验证"
"2025-12","电力","609","kWh","大批次删除集团","参数上限验证园区","验证部","BULK-0600","多记录删除子查询路径验证"
"2025-01","电力","610","kWh","大批次删除集团","参数上限验证园区","验证部","BULK-0601","多记录删除子查询路径验证"
"2025-02","电力","611","kWh","大批次删除集团","参数上限验证园区","验证部","BULK-0602","多记录删除子查询路径验证"
"2025-03","电力","612","kWh","大批次删除集团","参数上限验证园区","验证部","BULK-0603","多记录删除子查询路径验证"
"2025-04","电力","613","kWh","大批次删除集团","参数上限验证园区","验证部","BULK-0604","多记录删除子查询路径验证"
"2025-05","电力","614","kWh","大批次删除集团","参数上限验证园区","验证部","BULK-0605","多记录删除子查询路径验证"
"2025-06","电力","615","kWh","大批次删除集团","参数上限验证园区","验证部","BULK-0606","多记录删除子查询路径验证"
"2025-07","电力","616","kWh","大批次删除集团","参数上限验证园区","验证部","BULK-0607","多记录删除子查询路径验证"
"2025-08","电力","617","kWh","大批次删除集团","参数上限验证园区","验证部","BULK-0608","多记录删除子查询路径验证"
"2025-09","电力","618","kWh","大批次删除集团","参数上限验证园区","验证部","BULK-0609","多记录删除子查询路径验证"
"2025-10","电力","619","kWh","大批次删除集团","参数上限验证园区","验证部","BULK-0610","多记录删除子查询路径验证"
"2025-11","电力","620","kWh","大批次删除集团","参数上限验证园区","验证部","BULK-0611","多记录删除子查询路径验证"
"2025-12","电力","621","kWh","大批次删除集团","参数上限验证园区","验证部","BULK-0612","多记录删除子查询路径验证"
"2025-01","电力","622","kWh","大批次删除集团","参数上限验证园区","验证部","BULK-0613","多记录删除子查询路径验证"
"2025-02","电力","623","kWh","大批次删除集团","参数上限验证园区","验证部","BULK-0614","多记录删除子查询路径验证"
"2025-03","电力","624","kWh","大批次删除集团","参数上限验证园区","验证部","BULK-0615","多记录删除子查询路径验证"
"2025-04","电力","625","kWh","大批次删除集团","参数上限验证园区","验证部","BULK-0616","多记录删除子查询路径验证"
"2025-05","电力","626","kWh","大批次删除集团","参数上限验证园区","验证部","BULK-0617","多记录删除子查询路径验证"
"2025-06","电力","627","kWh","大批次删除集团","参数上限验证园区","验证部","BULK-0618","多记录删除子查询路径验证"
"2025-07","电力","628","kWh","大批次删除集团","参数上限验证园区","验证部","BULK-0619","多记录删除子查询路径验证"
"2025-08","电力","629","kWh","大批次删除集团","参数上限验证园区","验证部","BULK-0620","多记录删除子查询路径验证"
"2025-09","电力","630","kWh","大批次删除集团","参数上限验证园区","验证部","BULK-0621","多记录删除子查询路径验证"
"2025-10","电力","631","kWh","大批次删除集团","参数上限验证园区","验证部","BULK-0622","多记录删除子查询路径验证"
"2025-11","电力","632","kWh","大批次删除集团","参数上限验证园区","验证部","BULK-0623","多记录删除子查询路径验证"
"2025-12","电力","633","kWh","大批次删除集团","参数上限验证园区","验证部","BULK-0624","多记录删除子查询路径验证"
"2025-01","电力","634","kWh","大批次删除集团","参数上限验证园区","验证部","BULK-0625","多记录删除子查询路径验证"
"2025-02","电力","635","kWh","大批次删除集团","参数上限验证园区","验证部","BULK-0626","多记录删除子查询路径验证"
"2025-03","电力","636","kWh","大批次删除集团","参数上限验证园区","验证部","BULK-0627","多记录删除子查询路径验证"
"2025-04","电力","637","kWh","大批次删除集团","参数上限验证园区","验证部","BULK-0628","多记录删除子查询路径验证"
"2025-05","电力","638","kWh","大批次删除集团","参数上限验证园区","验证部","BULK-0629","多记录删除子查询路径验证"
"2025-06","电力","639","kWh","大批次删除集团","参数上限验证园区","验证部","BULK-0630","多记录删除子查询路径验证"
"2025-07","电力","640","kWh","大批次删除集团","参数上限验证园区","验证部","BULK-0631","多记录删除子查询路径验证"
"2025-08","电力","641","kWh","大批次删除集团","参数上限验证园区","验证部","BULK-0632","多记录删除子查询路径验证"
"2025-09","电力","642","kWh","大批次删除集团","参数上限验证园区","验证部","BULK-0633","多记录删除子查询路径验证"
"2025-10","电力","643","kWh","大批次删除集团","参数上限验证园区","验证部","BULK-0634","多记录删除子查询路径验证"
"2025-11","电力","644","kWh","大批次删除集团","参数上限验证园区","验证部","BULK-0635","多记录删除子查询路径验证"
"2025-12","电力","645","kWh","大批次删除集团","参数上限验证园区","验证部","BULK-0636","多记录删除子查询路径验证"
"2025-01","电力","646","kWh","大批次删除集团","参数上限验证园区","验证部","BULK-0637","多记录删除子查询路径验证"
"2025-02","电力","647","kWh","大批次删除集团","参数上限验证园区","验证部","BULK-0638","多记录删除子查询路径验证"
"2025-03","电力","648","kWh","大批次删除集团","参数上限验证园区","验证部","BULK-0639","多记录删除子查询路径验证"
"2025-04","电力","649","kWh","大批次删除集团","参数上限验证园区","验证部","BULK-0640","多记录删除子查询路径验证"
"2025-05","电力","650","kWh","大批次删除集团","参数上限验证园区","验证部","BULK-0641","多记录删除子查询路径验证"
"2025-06","电力","651","kWh","大批次删除集团","参数上限验证园区","验证部","BULK-0642","多记录删除子查询路径验证"
"2025-07","电力","652","kWh","大批次删除集团","参数上限验证园区","验证部","BULK-0643","多记录删除子查询路径验证"
"2025-08","电力","653","kWh","大批次删除集团","参数上限验证园区","验证部","BULK-0644","多记录删除子查询路径验证"
"2025-09","电力","654","kWh","大批次删除集团","参数上限验证园区","验证部","BULK-0645","多记录删除子查询路径验证"
"2025-10","电力","655","kWh","大批次删除集团","参数上限验证园区","验证部","BULK-0646","多记录删除子查询路径验证"
"2025-11","电力","656","kWh","大批次删除集团","参数上限验证园区","验证部","BULK-0647","多记录删除子查询路径验证"
"2025-12","电力","657","kWh","大批次删除集团","参数上限验证园区","验证部","BULK-0648","多记录删除子查询路径验证"
"2025-01","电力","658","kWh","大批次删除集团","参数上限验证园区","验证部","BULK-0649","多记录删除子查询路径验证"
"2025-02","电力","659","kWh","大批次删除集团","参数上限验证园区","验证部","BULK-0650","多记录删除子查询路径验证"
"2025-03","电力","660","kWh","大批次删除集团","参数上限验证园区","验证部","BULK-0651","多记录删除子查询路径验证"
"2025-04","电力","661","kWh","大批次删除集团","参数上限验证园区","验证部","BULK-0652","多记录删除子查询路径验证"
"2025-05","电力","662","kWh","大批次删除集团","参数上限验证园区","验证部","BULK-0653","多记录删除子查询路径验证"
"2025-06","电力","663","kWh","大批次删除集团","参数上限验证园区","验证部","BULK-0654","多记录删除子查询路径验证"
"2025-07","电力","664","kWh","大批次删除集团","参数上限验证园区","验证部","BULK-0655","多记录删除子查询路径验证"
"2025-08","电力","665","kWh","大批次删除集团","参数上限验证园区","验证部","BULK-0656","多记录删除子查询路径验证"
"2025-09","电力","666","kWh","大批次删除集团","参数上限验证园区","验证部","BULK-0657","多记录删除子查询路径验证"
"2025-10","电力","667","kWh","大批次删除集团","参数上限验证园区","验证部","BULK-0658","多记录删除子查询路径验证"
"2025-11","电力","668","kWh","大批次删除集团","参数上限验证园区","验证部","BULK-0659","多记录删除子查询路径验证"
"2025-12","电力","669","kWh","大批次删除集团","参数上限验证园区","验证部","BULK-0660","多记录删除子查询路径验证"
"2025-01","电力","670","kWh","大批次删除集团","参数上限验证园区","验证部","BULK-0661","多记录删除子查询路径验证"
"2025-02","电力","671","kWh","大批次删除集团","参数上限验证园区","验证部","BULK-0662","多记录删除子查询路径验证"
"2025-03","电力","672","kWh","大批次删除集团","参数上限验证园区","验证部","BULK-0663","多记录删除子查询路径验证"
"2025-04","电力","673","kWh","大批次删除集团","参数上限验证园区","验证部","BULK-0664","多记录删除子查询路径验证"
"2025-05","电力","674","kWh","大批次删除集团","参数上限验证园区","验证部","BULK-0665","多记录删除子查询路径验证"
"2025-06","电力","675","kWh","大批次删除集团","参数上限验证园区","验证部","BULK-0666","多记录删除子查询路径验证"
"2025-07","电力","676","kWh","大批次删除集团","参数上限验证园区","验证部","BULK-0667","多记录删除子查询路径验证"
"2025-08","电力","677","kWh","大批次删除集团","参数上限验证园区","验证部","BULK-0668","多记录删除子查询路径验证"
"2025-09","电力","678","kWh","大批次删除集团","参数上限验证园区","验证部","BULK-0669","多记录删除子查询路径验证"
"2025-10","电力","679","kWh","大批次删除集团","参数上限验证园区","验证部","BULK-0670","多记录删除子查询路径验证"
"2025-11","电力","680","kWh","大批次删除集团","参数上限验证园区","验证部","BULK-0671","多记录删除子查询路径验证"
"2025-12","电力","681","kWh","大批次删除集团","参数上限验证园区","验证部","BULK-0672","多记录删除子查询路径验证"
"2025-01","电力","682","kWh","大批次删除集团","参数上限验证园区","验证部","BULK-0673","多记录删除子查询路径验证"
"2025-02","电力","683","kWh","大批次删除集团","参数上限验证园区","验证部","BULK-0674","多记录删除子查询路径验证"
"2025-03","电力","684","kWh","大批次删除集团","参数上限验证园区","验证部","BULK-0675","多记录删除子查询路径验证"
"2025-04","电力","685","kWh","大批次删除集团","参数上限验证园区","验证部","BULK-0676","多记录删除子查询路径验证"
"2025-05","电力","686","kWh","大批次删除集团","参数上限验证园区","验证部","BULK-0677","多记录删除子查询路径验证"
"2025-06","电力","687","kWh","大批次删除集团","参数上限验证园区","验证部","BULK-0678","多记录删除子查询路径验证"
"2025-07","电力","688","kWh","大批次删除集团","参数上限验证园区","验证部","BULK-0679","多记录删除子查询路径验证"
"2025-08","电力","689","kWh","大批次删除集团","参数上限验证园区","验证部","BULK-0680","多记录删除子查询路径验证"
"2025-09","电力","690","kWh","大批次删除集团","参数上限验证园区","验证部","BULK-0681","多记录删除子查询路径验证"
"2025-10","电力","691","kWh","大批次删除集团","参数上限验证园区","验证部","BULK-0682","多记录删除子查询路径验证"
"2025-11","电力","692","kWh","大批次删除集团","参数上限验证园区","验证部","BULK-0683","多记录删除子查询路径验证"
"2025-12","电力","693","kWh","大批次删除集团","参数上限验证园区","验证部","BULK-0684","多记录删除子查询路径验证"
"2025-01","电力","694","kWh","大批次删除集团","参数上限验证园区","验证部","BULK-0685","多记录删除子查询路径验证"
"2025-02","电力","695","kWh","大批次删除集团","参数上限验证园区","验证部","BULK-0686","多记录删除子查询路径验证"
"2025-03","电力","696","kWh","大批次删除集团","参数上限验证园区","验证部","BULK-0687","多记录删除子查询路径验证"
"2025-04","电力","697","kWh","大批次删除集团","参数上限验证园区","验证部","BULK-0688","多记录删除子查询路径验证"
"2025-05","电力","698","kWh","大批次删除集团","参数上限验证园区","验证部","BULK-0689","多记录删除子查询路径验证"
"2025-06","电力","699","kWh","大批次删除集团","参数上限验证园区","验证部","BULK-0690","多记录删除子查询路径验证"
"2025-07","电力","700","kWh","大批次删除集团","参数上限验证园区","验证部","BULK-0691","多记录删除子查询路径验证"
"2025-08","电力","701","kWh","大批次删除集团","参数上限验证园区","验证部","BULK-0692","多记录删除子查询路径验证"
"2025-09","电力","702","kWh","大批次删除集团","参数上限验证园区","验证部","BULK-0693","多记录删除子查询路径验证"
"2025-10","电力","703","kWh","大批次删除集团","参数上限验证园区","验证部","BULK-0694","多记录删除子查询路径验证"
"2025-11","电力","704","kWh","大批次删除集团","参数上限验证园区","验证部","BULK-0695","多记录删除子查询路径验证"
"2025-12","电力","705","kWh","大批次删除集团","参数上限验证园区","验证部","BULK-0696","多记录删除子查询路径验证"
"2025-01","电力","706","kWh","大批次删除集团","参数上限验证园区","验证部","BULK-0697","多记录删除子查询路径验证"
"2025-02","电力","707","kWh","大批次删除集团","参数上限验证园区","验证部","BULK-0698","多记录删除子查询路径验证"
"2025-03","电力","708","kWh","大批次删除集团","参数上限验证园区","验证部","BULK-0699","多记录删除子查询路径验证"
"2025-04","电力","709","kWh","大批次删除集团","参数上限验证园区","验证部","BULK-0700","多记录删除子查询路径验证"
"2025-05","电力","710","kWh","大批次删除集团","参数上限验证园区","验证部","BULK-0701","多记录删除子查询路径验证"
"2025-06","电力","711","kWh","大批次删除集团","参数上限验证园区","验证部","BULK-0702","多记录删除子查询路径验证"
"2025-07","电力","712","kWh","大批次删除集团","参数上限验证园区","验证部","BULK-0703","多记录删除子查询路径验证"
"2025-08","电力","713","kWh","大批次删除集团","参数上限验证园区","验证部","BULK-0704","多记录删除子查询路径验证"
"2025-09","电力","714","kWh","大批次删除集团","参数上限验证园区","验证部","BULK-0705","多记录删除子查询路径验证"
"2025-10","电力","715","kWh","大批次删除集团","参数上限验证园区","验证部","BULK-0706","多记录删除子查询路径验证"
"2025-11","电力","716","kWh","大批次删除集团","参数上限验证园区","验证部","BULK-0707","多记录删除子查询路径验证"
"2025-12","电力","717","kWh","大批次删除集团","参数上限验证园区","验证部","BULK-0708","多记录删除子查询路径验证"
"2025-01","电力","718","kWh","大批次删除集团","参数上限验证园区","验证部","BULK-0709","多记录删除子查询路径验证"
"2025-02","电力","719","kWh","大批次删除集团","参数上限验证园区","验证部","BULK-0710","多记录删除子查询路径验证"
"2025-03","电力","720","kWh","大批次删除集团","参数上限验证园区","验证部","BULK-0711","多记录删除子查询路径验证"
"2025-04","电力","721","kWh","大批次删除集团","参数上限验证园区","验证部","BULK-0712","多记录删除子查询路径验证"
"2025-05","电力","722","kWh","大批次删除集团","参数上限验证园区","验证部","BULK-0713","多记录删除子查询路径验证"
"2025-06","电力","723","kWh","大批次删除集团","参数上限验证园区","验证部","BULK-0714","多记录删除子查询路径验证"
"2025-07","电力","724","kWh","大批次删除集团","参数上限验证园区","验证部","BULK-0715","多记录删除子查询路径验证"
"2025-08","电力","725","kWh","大批次删除集团","参数上限验证园区","验证部","BULK-0716","多记录删除子查询路径验证"
"2025-09","电力","726","kWh","大批次删除集团","参数上限验证园区","验证部","BULK-0717","多记录删除子查询路径验证"
"2025-10","电力","727","kWh","大批次删除集团","参数上限验证园区","验证部","BULK-0718","多记录删除子查询路径验证"
"2025-11","电力","728","kWh","大批次删除集团","参数上限验证园区","验证部","BULK-0719","多记录删除子查询路径验证"
"2025-12","电力","729","kWh","大批次删除集团","参数上限验证园区","验证部","BULK-0720","多记录删除子查询路径验证"
"2025-01","电力","730","kWh","大批次删除集团","参数上限验证园区","验证部","BULK-0721","多记录删除子查询路径验证"
"2025-02","电力","731","kWh","大批次删除集团","参数上限验证园区","验证部","BULK-0722","多记录删除子查询路径验证"
"2025-03","电力","732","kWh","大批次删除集团","参数上限验证园区","验证部","BULK-0723","多记录删除子查询路径验证"
"2025-04","电力","733","kWh","大批次删除集团","参数上限验证园区","验证部","BULK-0724","多记录删除子查询路径验证"
"2025-05","电力","734","kWh","大批次删除集团","参数上限验证园区","验证部","BULK-0725","多记录删除子查询路径验证"
"2025-06","电力","735","kWh","大批次删除集团","参数上限验证园区","验证部","BULK-0726","多记录删除子查询路径验证"
"2025-07","电力","736","kWh","大批次删除集团","参数上限验证园区","验证部","BULK-0727","多记录删除子查询路径验证"
"2025-08","电力","737","kWh","大批次删除集团","参数上限验证园区","验证部","BULK-0728","多记录删除子查询路径验证"
"2025-09","电力","738","kWh","大批次删除集团","参数上限验证园区","验证部","BULK-0729","多记录删除子查询路径验证"
"2025-10","电力","739","kWh","大批次删除集团","参数上限验证园区","验证部","BULK-0730","多记录删除子查询路径验证"
"2025-11","电力","740","kWh","大批次删除集团","参数上限验证园区","验证部","BULK-0731","多记录删除子查询路径验证"
"2025-12","电力","741","kWh","大批次删除集团","参数上限验证园区","验证部","BULK-0732","多记录删除子查询路径验证"
"2025-01","电力","742","kWh","大批次删除集团","参数上限验证园区","验证部","BULK-0733","多记录删除子查询路径验证"
"2025-02","电力","743","kWh","大批次删除集团","参数上限验证园区","验证部","BULK-0734","多记录删除子查询路径验证"
"2025-03","电力","744","kWh","大批次删除集团","参数上限验证园区","验证部","BULK-0735","多记录删除子查询路径验证"
"2025-04","电力","745","kWh","大批次删除集团","参数上限验证园区","验证部","BULK-0736","多记录删除子查询路径验证"
"2025-05","电力","746","kWh","大批次删除集团","参数上限验证园区","验证部","BULK-0737","多记录删除子查询路径验证"
"2025-06","电力","747","kWh","大批次删除集团","参数上限验证园区","验证部","BULK-0738","多记录删除子查询路径验证"
"2025-07","电力","748","kWh","大批次删除集团","参数上限验证园区","验证部","BULK-0739","多记录删除子查询路径验证"
"2025-08","电力","749","kWh","大批次删除集团","参数上限验证园区","验证部","BULK-0740","多记录删除子查询路径验证"
"2025-09","电力","750","kWh","大批次删除集团","参数上限验证园区","验证部","BULK-0741","多记录删除子查询路径验证"
"2025-10","电力","751","kWh","大批次删除集团","参数上限验证园区","验证部","BULK-0742","多记录删除子查询路径验证"
"2025-11","电力","752","kWh","大批次删除集团","参数上限验证园区","验证部","BULK-0743","多记录删除子查询路径验证"
"2025-12","电力","753","kWh","大批次删除集团","参数上限验证园区","验证部","BULK-0744","多记录删除子查询路径验证"
"2025-01","电力","754","kWh","大批次删除集团","参数上限验证园区","验证部","BULK-0745","多记录删除子查询路径验证"
"2025-02","电力","755","kWh","大批次删除集团","参数上限验证园区","验证部","BULK-0746","多记录删除子查询路径验证"
"2025-03","电力","756","kWh","大批次删除集团","参数上限验证园区","验证部","BULK-0747","多记录删除子查询路径验证"
"2025-04","电力","757","kWh","大批次删除集团","参数上限验证园区","验证部","BULK-0748","多记录删除子查询路径验证"
"2025-05","电力","758","kWh","大批次删除集团","参数上限验证园区","验证部","BULK-0749","多记录删除子查询路径验证"
"2025-06","电力","759","kWh","大批次删除集团","参数上限验证园区","验证部","BULK-0750","多记录删除子查询路径验证"
"2025-07","电力","760","kWh","大批次删除集团","参数上限验证园区","验证部","BULK-0751","多记录删除子查询路径验证"
"2025-08","电力","761","kWh","大批次删除集团","参数上限验证园区","验证部","BULK-0752","多记录删除子查询路径验证"
"2025-09","电力","762","kWh","大批次删除集团","参数上限验证园区","验证部","BULK-0753","多记录删除子查询路径验证"
"2025-10","电力","763","kWh","大批次删除集团","参数上限验证园区","验证部","BULK-0754","多记录删除子查询路径验证"
"2025-11","电力","764","kWh","大批次删除集团","参数上限验证园区","验证部","BULK-0755","多记录删除子查询路径验证"
"2025-12","电力","765","kWh","大批次删除集团","参数上限验证园区","验证部","BULK-0756","多记录删除子查询路径验证"
"2025-01","电力","766","kWh","大批次删除集团","参数上限验证园区","验证部","BULK-0757","多记录删除子查询路径验证"
"2025-02","电力","767","kWh","大批次删除集团","参数上限验证园区","验证部","BULK-0758","多记录删除子查询路径验证"
"2025-03","电力","768","kWh","大批次删除集团","参数上限验证园区","验证部","BULK-0759","多记录删除子查询路径验证"
"2025-04","电力","769","kWh","大批次删除集团","参数上限验证园区","验证部","BULK-0760","多记录删除子查询路径验证"
"2025-05","电力","770","kWh","大批次删除集团","参数上限验证园区","验证部","BULK-0761","多记录删除子查询路径验证"
"2025-06","电力","771","kWh","大批次删除集团","参数上限验证园区","验证部","BULK-0762","多记录删除子查询路径验证"
"2025-07","电力","772","kWh","大批次删除集团","参数上限验证园区","验证部","BULK-0763","多记录删除子查询路径验证"
"2025-08","电力","773","kWh","大批次删除集团","参数上限验证园区","验证部","BULK-0764","多记录删除子查询路径验证"
"2025-09","电力","774","kWh","大批次删除集团","参数上限验证园区","验证部","BULK-0765","多记录删除子查询路径验证"
"2025-10","电力","775","kWh","大批次删除集团","参数上限验证园区","验证部","BULK-0766","多记录删除子查询路径验证"
"2025-11","电力","776","kWh","大批次删除集团","参数上限验证园区","验证部","BULK-0767","多记录删除子查询路径验证"
"2025-12","电力","777","kWh","大批次删除集团","参数上限验证园区","验证部","BULK-0768","多记录删除子查询路径验证"
"2025-01","电力","778","kWh","大批次删除集团","参数上限验证园区","验证部","BULK-0769","多记录删除子查询路径验证"
"2025-02","电力","779","kWh","大批次删除集团","参数上限验证园区","验证部","BULK-0770","多记录删除子查询路径验证"
"2025-03","电力","780","kWh","大批次删除集团","参数上限验证园区","验证部","BULK-0771","多记录删除子查询路径验证"
"2025-04","电力","781","kWh","大批次删除集团","参数上限验证园区","验证部","BULK-0772","多记录删除子查询路径验证"
"2025-05","电力","782","kWh","大批次删除集团","参数上限验证园区","验证部","BULK-0773","多记录删除子查询路径验证"
"2025-06","电力","783","kWh","大批次删除集团","参数上限验证园区","验证部","BULK-0774","多记录删除子查询路径验证"
"2025-07","电力","784","kWh","大批次删除集团","参数上限验证园区","验证部","BULK-0775","多记录删除子查询路径验证"
"2025-08","电力","785","kWh","大批次删除集团","参数上限验证园区","验证部","BULK-0776","多记录删除子查询路径验证"
"2025-09","电力","786","kWh","大批次删除集团","参数上限验证园区","验证部","BULK-0777","多记录删除子查询路径验证"
"2025-10","电力","787","kWh","大批次删除集团","参数上限验证园区","验证部","BULK-0778","多记录删除子查询路径验证"
"2025-11","电力","788","kWh","大批次删除集团","参数上限验证园区","验证部","BULK-0779","多记录删除子查询路径验证"
"2025-12","电力","789","kWh","大批次删除集团","参数上限验证园区","验证部","BULK-0780","多记录删除子查询路径验证"
"2025-01","电力","790","kWh","大批次删除集团","参数上限验证园区","验证部","BULK-0781","多记录删除子查询路径验证"
"2025-02","电力","791","kWh","大批次删除集团","参数上限验证园区","验证部","BULK-0782","多记录删除子查询路径验证"
"2025-03","电力","792","kWh","大批次删除集团","参数上限验证园区","验证部","BULK-0783","多记录删除子查询路径验证"
"2025-04","电力","793","kWh","大批次删除集团","参数上限验证园区","验证部","BULK-0784","多记录删除子查询路径验证"
"2025-05","电力","794","kWh","大批次删除集团","参数上限验证园区","验证部","BULK-0785","多记录删除子查询路径验证"
"2025-06","电力","795","kWh","大批次删除集团","参数上限验证园区","验证部","BULK-0786","多记录删除子查询路径验证"
"2025-07","电力","796","kWh","大批次删除集团","参数上限验证园区","验证部","BULK-0787","多记录删除子查询路径验证"
"2025-08","电力","797","kWh","大批次删除集团","参数上限验证园区","验证部","BULK-0788","多记录删除子查询路径验证"
"2025-09","电力","798","kWh","大批次删除集团","参数上限验证园区","验证部","BULK-0789","多记录删除子查询路径验证"
"2025-10","电力","799","kWh","大批次删除集团","参数上限验证园区","验证部","BULK-0790","多记录删除子查询路径验证"
"2025-11","电力","800","kWh","大批次删除集团","参数上限验证园区","验证部","BULK-0791","多记录删除子查询路径验证"
"2025-12","电力","801","kWh","大批次删除集团","参数上限验证园区","验证部","BULK-0792","多记录删除子查询路径验证"
"2025-01","电力","802","kWh","大批次删除集团","参数上限验证园区","验证部","BULK-0793","多记录删除子查询路径验证"
"2025-02","电力","803","kWh","大批次删除集团","参数上限验证园区","验证部","BULK-0794","多记录删除子查询路径验证"
"2025-03","电力","804","kWh","大批次删除集团","参数上限验证园区","验证部","BULK-0795","多记录删除子查询路径验证"
"2025-04","电力","805","kWh","大批次删除集团","参数上限验证园区","验证部","BULK-0796","多记录删除子查询路径验证"
"2025-05","电力","806","kWh","大批次删除集团","参数上限验证园区","验证部","BULK-0797","多记录删除子查询路径验证"
"2025-06","电力","807","kWh","大批次删除集团","参数上限验证园区","验证部","BULK-0798","多记录删除子查询路径验证"
"2025-07","电力","808","kWh","大批次删除集团","参数上限验证园区","验证部","BULK-0799","多记录删除子查询路径验证"
"2025-08","电力","809","kWh","大批次删除集团","参数上限验证园区","验证部","BULK-0800","多记录删除子查询路径验证"
"2025-09","电力","810","kWh","大批次删除集团","参数上限验证园区","验证部","BULK-0801","多记录删除子查询路径验证"
"2025-10","电力","811","kWh","大批次删除集团","参数上限验证园区","验证部","BULK-0802","多记录删除子查询路径验证"
"2025-11","电力","812","kWh","大批次删除集团","参数上限验证园区","验证部","BULK-0803","多记录删除子查询路径验证"
"2025-12","电力","813","kWh","大批次删除集团","参数上限验证园区","验证部","BULK-0804","多记录删除子查询路径验证"
"2025-01","电力","814","kWh","大批次删除集团","参数上限验证园区","验证部","BULK-0805","多记录删除子查询路径验证"
"2025-02","电力","815","kWh","大批次删除集团","参数上限验证园区","验证部","BULK-0806","多记录删除子查询路径验证"
"2025-03","电力","816","kWh","大批次删除集团","参数上限验证园区","验证部","BULK-0807","多记录删除子查询路径验证"
"2025-04","电力","817","kWh","大批次删除集团","参数上限验证园区","验证部","BULK-0808","多记录删除子查询路径验证"
"2025-05","电力","818","kWh","大批次删除集团","参数上限验证园区","验证部","BULK-0809","多记录删除子查询路径验证"
"2025-06","电力","819","kWh","大批次删除集团","参数上限验证园区","验证部","BULK-0810","多记录删除子查询路径验证"
"2025-07","电力","820","kWh","大批次删除集团","参数上限验证园区","验证部","BULK-0811","多记录删除子查询路径验证"
"2025-08","电力","821","kWh","大批次删除集团","参数上限验证园区","验证部","BULK-0812","多记录删除子查询路径验证"
"2025-09","电力","822","kWh","大批次删除集团","参数上限验证园区","验证部","BULK-0813","多记录删除子查询路径验证"
"2025-10","电力","823","kWh","大批次删除集团","参数上限验证园区","验证部","BULK-0814","多记录删除子查询路径验证"
"2025-11","电力","824","kWh","大批次删除集团","参数上限验证园区","验证部","BULK-0815","多记录删除子查询路径验证"
"2025-12","电力","825","kWh","大批次删除集团","参数上限验证园区","验证部","BULK-0816","多记录删除子查询路径验证"
"2025-01","电力","826","kWh","大批次删除集团","参数上限验证园区","验证部","BULK-0817","多记录删除子查询路径验证"
"2025-02","电力","827","kWh","大批次删除集团","参数上限验证园区","验证部","BULK-0818","多记录删除子查询路径验证"
"2025-03","电力","828","kWh","大批次删除集团","参数上限验证园区","验证部","BULK-0819","多记录删除子查询路径验证"
"2025-04","电力","829","kWh","大批次删除集团","参数上限验证园区","验证部","BULK-0820","多记录删除子查询路径验证"
"2025-05","电力","830","kWh","大批次删除集团","参数上限验证园区","验证部","BULK-0821","多记录删除子查询路径验证"
"2025-06","电力","831","kWh","大批次删除集团","参数上限验证园区","验证部","BULK-0822","多记录删除子查询路径验证"
"2025-07","电力","832","kWh","大批次删除集团","参数上限验证园区","验证部","BULK-0823","多记录删除子查询路径验证"
"2025-08","电力","833","kWh","大批次删除集团","参数上限验证园区","验证部","BULK-0824","多记录删除子查询路径验证"
"2025-09","电力","834","kWh","大批次删除集团","参数上限验证园区","验证部","BULK-0825","多记录删除子查询路径验证"
"2025-10","电力","835","kWh","大批次删除集团","参数上限验证园区","验证部","BULK-0826","多记录删除子查询路径验证"
"2025-11","电力","836","kWh","大批次删除集团","参数上限验证园区","验证部","BULK-0827","多记录删除子查询路径验证"
"2025-12","电力","837","kWh","大批次删除集团","参数上限验证园区","验证部","BULK-0828","多记录删除子查询路径验证"
"2025-01","电力","838","kWh","大批次删除集团","参数上限验证园区","验证部","BULK-0829","多记录删除子查询路径验证"
"2025-02","电力","839","kWh","大批次删除集团","参数上限验证园区","验证部","BULK-0830","多记录删除子查询路径验证"
"2025-03","电力","840","kWh","大批次删除集团","参数上限验证园区","验证部","BULK-0831","多记录删除子查询路径验证"
"2025-04","电力","841","kWh","大批次删除集团","参数上限验证园区","验证部","BULK-0832","多记录删除子查询路径验证"
"2025-05","电力","842","kWh","大批次删除集团","参数上限验证园区","验证部","BULK-0833","多记录删除子查询路径验证"
"2025-06","电力","843","kWh","大批次删除集团","参数上限验证园区","验证部","BULK-0834","多记录删除子查询路径验证"
"2025-07","电力","844","kWh","大批次删除集团","参数上限验证园区","验证部","BULK-0835","多记录删除子查询路径验证"
"2025-08","电力","845","kWh","大批次删除集团","参数上限验证园区","验证部","BULK-0836","多记录删除子查询路径验证"
"2025-09","电力","846","kWh","大批次删除集团","参数上限验证园区","验证部","BULK-0837","多记录删除子查询路径验证"
"2025-10","电力","847","kWh","大批次删除集团","参数上限验证园区","验证部","BULK-0838","多记录删除子查询路径验证"
"2025-11","电力","848","kWh","大批次删除集团","参数上限验证园区","验证部","BULK-0839","多记录删除子查询路径验证"
"2025-12","电力","849","kWh","大批次删除集团","参数上限验证园区","验证部","BULK-0840","多记录删除子查询路径验证"
"2025-01","电力","850","kWh","大批次删除集团","参数上限验证园区","验证部","BULK-0841","多记录删除子查询路径验证"
"2025-02","电力","851","kWh","大批次删除集团","参数上限验证园区","验证部","BULK-0842","多记录删除子查询路径验证"
"2025-03","电力","852","kWh","大批次删除集团","参数上限验证园区","验证部","BULK-0843","多记录删除子查询路径验证"
"2025-04","电力","853","kWh","大批次删除集团","参数上限验证园区","验证部","BULK-0844","多记录删除子查询路径验证"
"2025-05","电力","854","kWh","大批次删除集团","参数上限验证园区","验证部","BULK-0845","多记录删除子查询路径验证"
"2025-06","电力","855","kWh","大批次删除集团","参数上限验证园区","验证部","BULK-0846","多记录删除子查询路径验证"
"2025-07","电力","856","kWh","大批次删除集团","参数上限验证园区","验证部","BULK-0847","多记录删除子查询路径验证"
"2025-08","电力","857","kWh","大批次删除集团","参数上限验证园区","验证部","BULK-0848","多记录删除子查询路径验证"
"2025-09","电力","858","kWh","大批次删除集团","参数上限验证园区","验证部","BULK-0849","多记录删除子查询路径验证"
"2025-10","电力","859","kWh","大批次删除集团","参数上限验证园区","验证部","BULK-0850","多记录删除子查询路径验证"
"2025-11","电力","860","kWh","大批次删除集团","参数上限验证园区","验证部","BULK-0851","多记录删除子查询路径验证"
"2025-12","电力","861","kWh","大批次删除集团","参数上限验证园区","验证部","BULK-0852","多记录删除子查询路径验证"
"2025-01","电力","862","kWh","大批次删除集团","参数上限验证园区","验证部","BULK-0853","多记录删除子查询路径验证"
"2025-02","电力","863","kWh","大批次删除集团","参数上限验证园区","验证部","BULK-0854","多记录删除子查询路径验证"
"2025-03","电力","864","kWh","大批次删除集团","参数上限验证园区","验证部","BULK-0855","多记录删除子查询路径验证"
"2025-04","电力","865","kWh","大批次删除集团","参数上限验证园区","验证部","BULK-0856","多记录删除子查询路径验证"
"2025-05","电力","866","kWh","大批次删除集团","参数上限验证园区","验证部","BULK-0857","多记录删除子查询路径验证"
"2025-06","电力","867","kWh","大批次删除集团","参数上限验证园区","验证部","BULK-0858","多记录删除子查询路径验证"
"2025-07","电力","868","kWh","大批次删除集团","参数上限验证园区","验证部","BULK-0859","多记录删除子查询路径验证"
"2025-08","电力","869","kWh","大批次删除集团","参数上限验证园区","验证部","BULK-0860","多记录删除子查询路径验证"
"2025-09","电力","870","kWh","大批次删除集团","参数上限验证园区","验证部","BULK-0861","多记录删除子查询路径验证"
"2025-10","电力","871","kWh","大批次删除集团","参数上限验证园区","验证部","BULK-0862","多记录删除子查询路径验证"
"2025-11","电力","872","kWh","大批次删除集团","参数上限验证园区","验证部","BULK-0863","多记录删除子查询路径验证"
"2025-12","电力","873","kWh","大批次删除集团","参数上限验证园区","验证部","BULK-0864","多记录删除子查询路径验证"
"2025-01","电力","874","kWh","大批次删除集团","参数上限验证园区","验证部","BULK-0865","多记录删除子查询路径验证"
"2025-02","电力","875","kWh","大批次删除集团","参数上限验证园区","验证部","BULK-0866","多记录删除子查询路径验证"
"2025-03","电力","876","kWh","大批次删除集团","参数上限验证园区","验证部","BULK-0867","多记录删除子查询路径验证"
"2025-04","电力","877","kWh","大批次删除集团","参数上限验证园区","验证部","BULK-0868","多记录删除子查询路径验证"
"2025-05","电力","878","kWh","大批次删除集团","参数上限验证园区","验证部","BULK-0869","多记录删除子查询路径验证"
"2025-06","电力","879","kWh","大批次删除集团","参数上限验证园区","验证部","BULK-0870","多记录删除子查询路径验证"
"2025-07","电力","880","kWh","大批次删除集团","参数上限验证园区","验证部","BULK-0871","多记录删除子查询路径验证"
"2025-08","电力","881","kWh","大批次删除集团","参数上限验证园区","验证部","BULK-0872","多记录删除子查询路径验证"
"2025-09","电力","882","kWh","大批次删除集团","参数上限验证园区","验证部","BULK-0873","多记录删除子查询路径验证"
"2025-10","电力","883","kWh","大批次删除集团","参数上限验证园区","验证部","BULK-0874","多记录删除子查询路径验证"
"2025-11","电力","884","kWh","大批次删除集团","参数上限验证园区","验证部","BULK-0875","多记录删除子查询路径验证"
"2025-12","电力","885","kWh","大批次删除集团","参数上限验证园区","验证部","BULK-0876","多记录删除子查询路径验证"
"2025-01","电力","886","kWh","大批次删除集团","参数上限验证园区","验证部","BULK-0877","多记录删除子查询路径验证"
"2025-02","电力","887","kWh","大批次删除集团","参数上限验证园区","验证部","BULK-0878","多记录删除子查询路径验证"
"2025-03","电力","888","kWh","大批次删除集团","参数上限验证园区","验证部","BULK-0879","多记录删除子查询路径验证"
"2025-04","电力","889","kWh","大批次删除集团","参数上限验证园区","验证部","BULK-0880","多记录删除子查询路径验证"
"2025-05","电力","890","kWh","大批次删除集团","参数上限验证园区","验证部","BULK-0881","多记录删除子查询路径验证"
"2025-06","电力","891","kWh","大批次删除集团","参数上限验证园区","验证部","BULK-0882","多记录删除子查询路径验证"
"2025-07","电力","892","kWh","大批次删除集团","参数上限验证园区","验证部","BULK-0883","多记录删除子查询路径验证"
"2025-08","电力","893","kWh","大批次删除集团","参数上限验证园区","验证部","BULK-0884","多记录删除子查询路径验证"
"2025-09","电力","894","kWh","大批次删除集团","参数上限验证园区","验证部","BULK-0885","多记录删除子查询路径验证"
"2025-10","电力","895","kWh","大批次删除集团","参数上限验证园区","验证部","BULK-0886","多记录删除子查询路径验证"
"2025-11","电力","896","kWh","大批次删除集团","参数上限验证园区","验证部","BULK-0887","多记录删除子查询路径验证"
"2025-12","电力","897","kWh","大批次删除集团","参数上限验证园区","验证部","BULK-0888","多记录删除子查询路径验证"
"2025-01","电力","898","kWh","大批次删除集团","参数上限验证园区","验证部","BULK-0889","多记录删除子查询路径验证"
"2025-02","电力","899","kWh","大批次删除集团","参数上限验证园区","验证部","BULK-0890","多记录删除子查询路径验证"
"2025-03","电力","900","kWh","大批次删除集团","参数上限验证园区","验证部","BULK-0891","多记录删除子查询路径验证"
"2025-04","电力","901","kWh","大批次删除集团","参数上限验证园区","验证部","BULK-0892","多记录删除子查询路径验证"
"2025-05","电力","902","kWh","大批次删除集团","参数上限验证园区","验证部","BULK-0893","多记录删除子查询路径验证"
"2025-06","电力","903","kWh","大批次删除集团","参数上限验证园区","验证部","BULK-0894","多记录删除子查询路径验证"
"2025-07","电力","904","kWh","大批次删除集团","参数上限验证园区","验证部","BULK-0895","多记录删除子查询路径验证"
"2025-08","电力","905","kWh","大批次删除集团","参数上限验证园区","验证部","BULK-0896","多记录删除子查询路径验证"
"2025-09","电力","906","kWh","大批次删除集团","参数上限验证园区","验证部","BULK-0897","多记录删除子查询路径验证"
"2025-10","电力","907","kWh","大批次删除集团","参数上限验证园区","验证部","BULK-0898","多记录删除子查询路径验证"
"2025-11","电力","908","kWh","大批次删除集团","参数上限验证园区","验证部","BULK-0899","多记录删除子查询路径验证"
"2025-12","电力","909","kWh","大批次删除集团","参数上限验证园区","验证部","BULK-0900","多记录删除子查询路径验证"
"2025-01","电力","910","kWh","大批次删除集团","参数上限验证园区","验证部","BULK-0901","多记录删除子查询路径验证"
"2025-02","电力","911","kWh","大批次删除集团","参数上限验证园区","验证部","BULK-0902","多记录删除子查询路径验证"
"2025-03","电力","912","kWh","大批次删除集团","参数上限验证园区","验证部","BULK-0903","多记录删除子查询路径验证"
"2025-04","电力","913","kWh","大批次删除集团","参数上限验证园区","验证部","BULK-0904","多记录删除子查询路径验证"
"2025-05","电力","914","kWh","大批次删除集团","参数上限验证园区","验证部","BULK-0905","多记录删除子查询路径验证"
"2025-06","电力","915","kWh","大批次删除集团","参数上限验证园区","验证部","BULK-0906","多记录删除子查询路径验证"
"2025-07","电力","916","kWh","大批次删除集团","参数上限验证园区","验证部","BULK-0907","多记录删除子查询路径验证"
"2025-08","电力","917","kWh","大批次删除集团","参数上限验证园区","验证部","BULK-0908","多记录删除子查询路径验证"
"2025-09","电力","918","kWh","大批次删除集团","参数上限验证园区","验证部","BULK-0909","多记录删除子查询路径验证"
"2025-10","电力","919","kWh","大批次删除集团","参数上限验证园区","验证部","BULK-0910","多记录删除子查询路径验证"
"2025-11","电力","920","kWh","大批次删除集团","参数上限验证园区","验证部","BULK-0911","多记录删除子查询路径验证"
"2025-12","电力","921","kWh","大批次删除集团","参数上限验证园区","验证部","BULK-0912","多记录删除子查询路径验证"
"2025-01","电力","922","kWh","大批次删除集团","参数上限验证园区","验证部","BULK-0913","多记录删除子查询路径验证"
"2025-02","电力","923","kWh","大批次删除集团","参数上限验证园区","验证部","BULK-0914","多记录删除子查询路径验证"
"2025-03","电力","924","kWh","大批次删除集团","参数上限验证园区","验证部","BULK-0915","多记录删除子查询路径验证"
"2025-04","电力","925","kWh","大批次删除集团","参数上限验证园区","验证部","BULK-0916","多记录删除子查询路径验证"
"2025-05","电力","926","kWh","大批次删除集团","参数上限验证园区","验证部","BULK-0917","多记录删除子查询路径验证"
"2025-06","电力","927","kWh","大批次删除集团","参数上限验证园区","验证部","BULK-0918","多记录删除子查询路径验证"
"2025-07","电力","928","kWh","大批次删除集团","参数上限验证园区","验证部","BULK-0919","多记录删除子查询路径验证"
"2025-08","电力","929","kWh","大批次删除集团","参数上限验证园区","验证部","BULK-0920","多记录删除子查询路径验证"
"2025-09","电力","930","kWh","大批次删除集团","参数上限验证园区","验证部","BULK-0921","多记录删除子查询路径验证"
"2025-10","电力","931","kWh","大批次删除集团","参数上限验证园区","验证部","BULK-0922","多记录删除子查询路径验证"
"2025-11","电力","932","kWh","大批次删除集团","参数上限验证园区","验证部","BULK-0923","多记录删除子查询路径验证"
"2025-12","电力","933","kWh","大批次删除集团","参数上限验证园区","验证部","BULK-0924","多记录删除子查询路径验证"
"2025-01","电力","934","kWh","大批次删除集团","参数上限验证园区","验证部","BULK-0925","多记录删除子查询路径验证"
"2025-02","电力","935","kWh","大批次删除集团","参数上限验证园区","验证部","BULK-0926","多记录删除子查询路径验证"
"2025-03","电力","936","kWh","大批次删除集团","参数上限验证园区","验证部","BULK-0927","多记录删除子查询路径验证"
"2025-04","电力","937","kWh","大批次删除集团","参数上限验证园区","验证部","BULK-0928","多记录删除子查询路径验证"
"2025-05","电力","938","kWh","大批次删除集团","参数上限验证园区","验证部","BULK-0929","多记录删除子查询路径验证"
"2025-06","电力","939","kWh","大批次删除集团","参数上限验证园区","验证部","BULK-0930","多记录删除子查询路径验证"
"2025-07","电力","940","kWh","大批次删除集团","参数上限验证园区","验证部","BULK-0931","多记录删除子查询路径验证"
"2025-08","电力","941","kWh","大批次删除集团","参数上限验证园区","验证部","BULK-0932","多记录删除子查询路径验证"
"2025-09","电力","942","kWh","大批次删除集团","参数上限验证园区","验证部","BULK-0933","多记录删除子查询路径验证"
"2025-10","电力","943","kWh","大批次删除集团","参数上限验证园区","验证部","BULK-0934","多记录删除子查询路径验证"
"2025-11","电力","944","kWh","大批次删除集团","参数上限验证园区","验证部","BULK-0935","多记录删除子查询路径验证"
"2025-12","电力","945","kWh","大批次删除集团","参数上限验证园区","验证部","BULK-0936","多记录删除子查询路径验证"
"2025-01","电力","946","kWh","大批次删除集团","参数上限验证园区","验证部","BULK-0937","多记录删除子查询路径验证"
"2025-02","电力","947","kWh","大批次删除集团","参数上限验证园区","验证部","BULK-0938","多记录删除子查询路径验证"
"2025-03","电力","948","kWh","大批次删除集团","参数上限验证园区","验证部","BULK-0939","多记录删除子查询路径验证"
"2025-04","电力","949","kWh","大批次删除集团","参数上限验证园区","验证部","BULK-0940","多记录删除子查询路径验证"
"2025-05","电力","950","kWh","大批次删除集团","参数上限验证园区","验证部","BULK-0941","多记录删除子查询路径验证"
"2025-06","电力","951","kWh","大批次删除集团","参数上限验证园区","验证部","BULK-0942","多记录删除子查询路径验证"
"2025-07","电力","952","kWh","大批次删除集团","参数上限验证园区","验证部","BULK-0943","多记录删除子查询路径验证"
"2025-08","电力","953","kWh","大批次删除集团","参数上限验证园区","验证部","BULK-0944","多记录删除子查询路径验证"
"2025-09","电力","954","kWh","大批次删除集团","参数上限验证园区","验证部","BULK-0945","多记录删除子查询路径验证"
"2025-10","电力","955","kWh","大批次删除集团","参数上限验证园区","验证部","BULK-0946","多记录删除子查询路径验证"
"2025-11","电力","956","kWh","大批次删除集团","参数上限验证园区","验证部","BULK-0947","多记录删除子查询路径验证"
"2025-12","电力","957","kWh","大批次删除集团","参数上限验证园区","验证部","BULK-0948","多记录删除子查询路径验证"
"2025-01","电力","958","kWh","大批次删除集团","参数上限验证园区","验证部","BULK-0949","多记录删除子查询路径验证"
"2025-02","电力","959","kWh","大批次删除集团","参数上限验证园区","验证部","BULK-0950","多记录删除子查询路径验证"
"2025-03","电力","960","kWh","大批次删除集团","参数上限验证园区","验证部","BULK-0951","多记录删除子查询路径验证"
"2025-04","电力","961","kWh","大批次删除集团","参数上限验证园区","验证部","BULK-0952","多记录删除子查询路径验证"
"2025-05","电力","962","kWh","大批次删除集团","参数上限验证园区","验证部","BULK-0953","多记录删除子查询路径验证"
"2025-06","电力","963","kWh","大批次删除集团","参数上限验证园区","验证部","BULK-0954","多记录删除子查询路径验证"
"2025-07","电力","964","kWh","大批次删除集团","参数上限验证园区","验证部","BULK-0955","多记录删除子查询路径验证"
"2025-08","电力","965","kWh","大批次删除集团","参数上限验证园区","验证部","BULK-0956","多记录删除子查询路径验证"
"2025-09","电力","966","kWh","大批次删除集团","参数上限验证园区","验证部","BULK-0957","多记录删除子查询路径验证"
"2025-10","电力","967","kWh","大批次删除集团","参数上限验证园区","验证部","BULK-0958","多记录删除子查询路径验证"
"2025-11","电力","968","kWh","大批次删除集团","参数上限验证园区","验证部","BULK-0959","多记录删除子查询路径验证"
"2025-12","电力","969","kWh","大批次删除集团","参数上限验证园区","验证部","BULK-0960","多记录删除子查询路径验证"
"2025-01","电力","970","kWh","大批次删除集团","参数上限验证园区","验证部","BULK-0961","多记录删除子查询路径验证"
"2025-02","电力","971","kWh","大批次删除集团","参数上限验证园区","验证部","BULK-0962","多记录删除子查询路径验证"
"2025-03","电力","972","kWh","大批次删除集团","参数上限验证园区","验证部","BULK-0963","多记录删除子查询路径验证"
"2025-04","电力","973","kWh","大批次删除集团","参数上限验证园区","验证部","BULK-0964","多记录删除子查询路径验证"
"2025-05","电力","974","kWh","大批次删除集团","参数上限验证园区","验证部","BULK-0965","多记录删除子查询路径验证"
"2025-06","电力","975","kWh","大批次删除集团","参数上限验证园区","验证部","BULK-0966","多记录删除子查询路径验证"
"2025-07","电力","976","kWh","大批次删除集团","参数上限验证园区","验证部","BULK-0967","多记录删除子查询路径验证"
"2025-08","电力","977","kWh","大批次删除集团","参数上限验证园区","验证部","BULK-0968","多记录删除子查询路径验证"
"2025-09","电力","978","kWh","大批次删除集团","参数上限验证园区","验证部","BULK-0969","多记录删除子查询路径验证"
"2025-10","电力","979","kWh","大批次删除集团","参数上限验证园区","验证部","BULK-0970","多记录删除子查询路径验证"
"2025-11","电力","980","kWh","大批次删除集团","参数上限验证园区","验证部","BULK-0971","多记录删除子查询路径验证"
"2025-12","电力","981","kWh","大批次删除集团","参数上限验证园区","验证部","BULK-0972","多记录删除子查询路径验证"
"2025-01","电力","982","kWh","大批次删除集团","参数上限验证园区","验证部","BULK-0973","多记录删除子查询路径验证"
"2025-02","电力","983","kWh","大批次删除集团","参数上限验证园区","验证部","BULK-0974","多记录删除子查询路径验证"
"2025-03","电力","984","kWh","大批次删除集团","参数上限验证园区","验证部","BULK-0975","多记录删除子查询路径验证"
"2025-04","电力","985","kWh","大批次删除集团","参数上限验证园区","验证部","BULK-0976","多记录删除子查询路径验证"
"2025-05","电力","986","kWh","大批次删除集团","参数上限验证园区","验证部","BULK-0977","多记录删除子查询路径验证"
"2025-06","电力","987","kWh","大批次删除集团","参数上限验证园区","验证部","BULK-0978","多记录删除子查询路径验证"
"2025-07","电力","988","kWh","大批次删除集团","参数上限验证园区","验证部","BULK-0979","多记录删除子查询路径验证"
"2025-08","电力","989","kWh","大批次删除集团","参数上限验证园区","验证部","BULK-0980","多记录删除子查询路径验证"
"2025-09","电力","990","kWh","大批次删除集团","参数上限验证园区","验证部","BULK-0981","多记录删除子查询路径验证"
"2025-10","电力","991","kWh","大批次删除集团","参数上限验证园区","验证部","BULK-0982","多记录删除子查询路径验证"
"2025-11","电力","992","kWh","大批次删除集团","参数上限验证园区","验证部","BULK-0983","多记录删除子查询路径验证"
"2025-12","电力","993","kWh","大批次删除集团","参数上限验证园区","验证部","BULK-0984","多记录删除子查询路径验证"
"2025-01","电力","994","kWh","大批次删除集团","参数上限验证园区","验证部","BULK-0985","多记录删除子查询路径验证"
"2025-02","电力","995","kWh","大批次删除集团","参数上限验证园区","验证部","BULK-0986","多记录删除子查询路径验证"
"2025-03","电力","996","kWh","大批次删除集团","参数上限验证园区","验证部","BULK-0987","多记录删除子查询路径验证"
"2025-04","电力","997","kWh","大批次删除集团","参数上限验证园区","验证部","BULK-0988","多记录删除子查询路径验证"
"2025-05","电力","998","kWh","大批次删除集团","参数上限验证园区","验证部","BULK-0989","多记录删除子查询路径验证"
"2025-06","电力","999","kWh","大批次删除集团","参数上限验证园区","验证部","BULK-0990","多记录删除子查询路径验证"
"2025-07","电力","1000","kWh","大批次删除集团","参数上限验证园区","验证部","BULK-0991","多记录删除子查询路径验证"
"2025-08","电力","1001","kWh","大批次删除集团","参数上限验证园区","验证部","BULK-0992","多记录删除子查询路径验证"
"2025-09","电力","1002","kWh","大批次删除集团","参数上限验证园区","验证部","BULK-0993","多记录删除子查询路径验证"
"2025-10","电力","1003","kWh","大批次删除集团","参数上限验证园区","验证部","BULK-0994","多记录删除子查询路径验证"
"2025-11","电力","1004","kWh","大批次删除集团","参数上限验证园区","验证部","BULK-0995","多记录删除子查询路径验证"
"2025-12","电力","1005","kWh","大批次删除集团","参数上限验证园区","验证部","BULK-0996","多记录删除子查询路径验证"
"2025-01","电力","1006","kWh","大批次删除集团","参数上限验证园区","验证部","BULK-0997","多记录删除子查询路径验证"
"2025-02","电力","1007","kWh","大批次删除集团","参数上限验证园区","验证部","BULK-0998","多记录删除子查询路径验证"
"2025-03","电力","1008","kWh","大批次删除集团","参数上限验证园区","验证部","BULK-0999","多记录删除子查询路径验证"
"2025-04","电力","1009","kWh","大批次删除集团","参数上限验证园区","验证部","BULK-1000","多记录删除子查询路径验证"
"2025-05","电力","1010","kWh","大批次删除集团","参数上限验证园区","验证部","BULK-1001","多记录删除子查询路径验证"
"2025-06","电力","1011","kWh","大批次删除集团","参数上限验证园区","验证部","BULK-1002","多记录删除子查询路径验证"
"2025-07","电力","1012","kWh","大批次删除集团","参数上限验证园区","验证部","BULK-1003","多记录删除子查询路径验证"
"2025-08","电力","1013","kWh","大批次删除集团","参数上限验证园区","验证部","BULK-1004","多记录删除子查询路径验证"
"2025-09","电力","1014","kWh","大批次删除集团","参数上限验证园区","验证部","BULK-1005","多记录删除子查询路径验证"
"2025-10","电力","1015","kWh","大批次删除集团","参数上限验证园区","验证部","BULK-1006","多记录删除子查询路径验证"
"2025-11","电力","1016","kWh","大批次删除集团","参数上限验证园区","验证部","BULK-1007","多记录删除子查询路径验证"
"2025-12","电力","1017","kWh","大批次删除集团","参数上限验证园区","验证部","BULK-1008","多记录删除子查询路径验证"
"2025-01","电力","1018","kWh","大批次删除集团","参数上限验证园区","验证部","BULK-1009","多记录删除子查询路径验证"
"2025-02","电力","1019","kWh","大批次删除集团","参数上限验证园区","验证部","BULK-1010","多记录删除子查询路径验证"
"2025-03","电力","1020","kWh","大批次删除集团","参数上限验证园区","验证部","BULK-1011","多记录删除子查询路径验证"
"2025-04","电力","1021","kWh","大批次删除集团","参数上限验证园区","验证部","BULK-1012","多记录删除子查询路径验证"
"2025-05","电力","1022","kWh","大批次删除集团","参数上限验证园区","验证部","BULK-1013","多记录删除子查询路径验证"
"2025-06","电力","1023","kWh","大批次删除集团","参数上限验证园区","验证部","BULK-1014","多记录删除子查询路径验证"
"2025-07","电力","1024","kWh","大批次删除集团","参数上限验证园区","验证部","BULK-1015","多记录删除子查询路径验证"
"2025-08","电力","1025","kWh","大批次删除集团","参数上限验证园区","验证部","BULK-1016","多记录删除子查询路径验证"
"2025-09","电力","1026","kWh","大批次删除集团","参数上限验证园区","验证部","BULK-1017","多记录删除子查询路径验证"
"2025-10","电力","1027","kWh","大批次删除集团","参数上限验证园区","验证部","BULK-1018","多记录删除子查询路径验证"
"2025-11","电力","1028","kWh","大批次删除集团","参数上限验证园区","验证部","BULK-1019","多记录删除子查询路径验证"
"2025-12","电力","1029","kWh","大批次删除集团","参数上限验证园区","验证部","BULK-1020","多记录删除子查询路径验证"
"2025-01","电力","1030","kWh","大批次删除集团","参数上限验证园区","验证部","BULK-1021","多记录删除子查询路径验证"
"2025-02","电力","1031","kWh","大批次删除集团","参数上限验证园区","验证部","BULK-1022","多记录删除子查询路径验证"
"2025-03","电力","1032","kWh","大批次删除集团","参数上限验证园区","验证部","BULK-1023","多记录删除子查询路径验证"
"2025-04","电力","1033","kWh","大批次删除集团","参数上限验证园区","验证部","BULK-1024","多记录删除子查询路径验证"
"2025-05","电力","1034","kWh","大批次删除集团","参数上限验证园区","验证部","BULK-1025","多记录删除子查询路径验证"
"2025-06","电力","1035","kWh","大批次删除集团","参数上限验证园区","验证部","BULK-1026","多记录删除子查询路径验证"
"2025-07","电力","1036","kWh","大批次删除集团","参数上限验证园区","验证部","BULK-1027","多记录删除子查询路径验证"
"2025-08","电力","1037","kWh","大批次删除集团","参数上限验证园区","验证部","BULK-1028","多记录删除子查询路径验证"
"2025-09","电力","1038","kWh","大批次删除集团","参数上限验证园区","验证部","BULK-1029","多记录删除子查询路径验证"
"2025-10","电力","1039","kWh","大批次删除集团","参数上限验证园区","验证部","BULK-1030","多记录删除子查询路径验证"
"2025-11","电力","1040","kWh","大批次删除集团","参数上限验证园区","验证部","BULK-1031","多记录删除子查询路径验证"
"2025-12","电力","1041","kWh","大批次删除集团","参数上限验证园区","验证部","BULK-1032","多记录删除子查询路径验证"
"2025-01","电力","1042","kWh","大批次删除集团","参数上限验证园区","验证部","BULK-1033","多记录删除子查询路径验证"
"2025-02","电力","1043","kWh","大批次删除集团","参数上限验证园区","验证部","BULK-1034","多记录删除子查询路径验证"
"2025-03","电力","1044","kWh","大批次删除集团","参数上限验证园区","验证部","BULK-1035","多记录删除子查询路径验证"
"2025-04","电力","1045","kWh","大批次删除集团","参数上限验证园区","验证部","BULK-1036","多记录删除子查询路径验证"
"2025-05","电力","1046","kWh","大批次删除集团","参数上限验证园区","验证部","BULK-1037","多记录删除子查询路径验证"
"2025-06","电力","1047","kWh","大批次删除集团","参数上限验证园区","验证部","BULK-1038","多记录删除子查询路径验证"
"2025-07","电力","1048","kWh","大批次删除集团","参数上限验证园区","验证部","BULK-1039","多记录删除子查询路径验证"
"2025-08","电力","1049","kWh","大批次删除集团","参数上限验证园区","验证部","BULK-1040","多记录删除子查询路径验证"
"2025-09","电力","1050","kWh","大批次删除集团","参数上限验证园区","验证部","BULK-1041","多记录删除子查询路径验证"
"2025-10","电力","1051","kWh","大批次删除集团","参数上限验证园区","验证部","BULK-1042","多记录删除子查询路径验证"
"2025-11","电力","1052","kWh","大批次删除集团","参数上限验证园区","验证部","BULK-1043","多记录删除子查询路径验证"
"2025-12","电力","1053","kWh","大批次删除集团","参数上限验证园区","验证部","BULK-1044","多记录删除子查询路径验证"
"2025-01","电力","1054","kWh","大批次删除集团","参数上限验证园区","验证部","BULK-1045","多记录删除子查询路径验证"
"2025-02","电力","1055","kWh","大批次删除集团","参数上限验证园区","验证部","BULK-1046","多记录删除子查询路径验证"
"2025-03","电力","1056","kWh","大批次删除集团","参数上限验证园区","验证部","BULK-1047","多记录删除子查询路径验证"
"2025-04","电力","1057","kWh","大批次删除集团","参数上限验证园区","验证部","BULK-1048","多记录删除子查询路径验证"
"2025-05","电力","1058","kWh","大批次删除集团","参数上限验证园区","验证部","BULK-1049","多记录删除子查询路径验证"
"2025-06","电力","1059","kWh","大批次删除集团","参数上限验证园区","验证部","BULK-1050","多记录删除子查询路径验证"
"2025-07","电力","1060","kWh","大批次删除集团","参数上限验证园区","验证部","BULK-1051","多记录删除子查询路径验证"
"2025-08","电力","1061","kWh","大批次删除集团","参数上限验证园区","验证部","BULK-1052","多记录删除子查询路径验证"
"2025-09","电力","1062","kWh","大批次删除集团","参数上限验证园区","验证部","BULK-1053","多记录删除子查询路径验证"
"2025-10","电力","1063","kWh","大批次删除集团","参数上限验证园区","验证部","BULK-1054","多记录删除子查询路径验证"
"2025-11","电力","1064","kWh","大批次删除集团","参数上限验证园区","验证部","BULK-1055","多记录删除子查询路径验证"
"2025-12","电力","1065","kWh","大批次删除集团","参数上限验证园区","验证部","BULK-1056","多记录删除子查询路径验证"
"2025-01","电力","1066","kWh","大批次删除集团","参数上限验证园区","验证部","BULK-1057","多记录删除子查询路径验证"
"2025-02","电力","1067","kWh","大批次删除集团","参数上限验证园区","验证部","BULK-1058","多记录删除子查询路径验证"
"2025-03","电力","1068","kWh","大批次删除集团","参数上限验证园区","验证部","BULK-1059","多记录删除子查询路径验证"
"2025-04","电力","1069","kWh","大批次删除集团","参数上限验证园区","验证部","BULK-1060","多记录删除子查询路径验证"
"2025-05","电力","1070","kWh","大批次删除集团","参数上限验证园区","验证部","BULK-1061","多记录删除子查询路径验证"
"2025-06","电力","1071","kWh","大批次删除集团","参数上限验证园区","验证部","BULK-1062","多记录删除子查询路径验证"
"2025-07","电力","1072","kWh","大批次删除集团","参数上限验证园区","验证部","BULK-1063","多记录删除子查询路径验证"
"2025-08","电力","1073","kWh","大批次删除集团","参数上限验证园区","验证部","BULK-1064","多记录删除子查询路径验证"
"2025-09","电力","1074","kWh","大批次删除集团","参数上限验证园区","验证部","BULK-1065","多记录删除子查询路径验证"
"2025-10","电力","1075","kWh","大批次删除集团","参数上限验证园区","验证部","BULK-1066","多记录删除子查询路径验证"
"2025-11","电力","1076","kWh","大批次删除集团","参数上限验证园区","验证部","BULK-1067","多记录删除子查询路径验证"
"2025-12","电力","1077","kWh","大批次删除集团","参数上限验证园区","验证部","BULK-1068","多记录删除子查询路径验证"
"2025-01","电力","1078","kWh","大批次删除集团","参数上限验证园区","验证部","BULK-1069","多记录删除子查询路径验证"
"2025-02","电力","1079","kWh","大批次删除集团","参数上限验证园区","验证部","BULK-1070","多记录删除子查询路径验证"
"2025-03","电力","1080","kWh","大批次删除集团","参数上限验证园区","验证部","BULK-1071","多记录删除子查询路径验证"
"2025-04","电力","1081","kWh","大批次删除集团","参数上限验证园区","验证部","BULK-1072","多记录删除子查询路径验证"
"2025-05","电力","1082","kWh","大批次删除集团","参数上限验证园区","验证部","BULK-1073","多记录删除子查询路径验证"
"2025-06","电力","1083","kWh","大批次删除集团","参数上限验证园区","验证部","BULK-1074","多记录删除子查询路径验证"
"2025-07","电力","1084","kWh","大批次删除集团","参数上限验证园区","验证部","BULK-1075","多记录删除子查询路径验证"
"2025-08","电力","1085","kWh","大批次删除集团","参数上限验证园区","验证部","BULK-1076","多记录删除子查询路径验证"
"2025-09","电力","1086","kWh","大批次删除集团","参数上限验证园区","验证部","BULK-1077","多记录删除子查询路径验证"
"2025-10","电力","1087","kWh","大批次删除集团","参数上限验证园区","验证部","BULK-1078","多记录删除子查询路径验证"
"2025-11","电力","1088","kWh","大批次删除集团","参数上限验证园区","验证部","BULK-1079","多记录删除子查询路径验证"
"2025-12","电力","1089","kWh","大批次删除集团","参数上限验证园区","验证部","BULK-1080","多记录删除子查询路径验证"
"2025-01","电力","1090","kWh","大批次删除集团","参数上限验证园区","验证部","BULK-1081","多记录删除子查询路径验证"
"2025-02","电力","1091","kWh","大批次删除集团","参数上限验证园区","验证部","BULK-1082","多记录删除子查询路径验证"
"2025-03","电力","1092","kWh","大批次删除集团","参数上限验证园区","验证部","BULK-1083","多记录删除子查询路径验证"
"2025-04","电力","1093","kWh","大批次删除集团","参数上限验证园区","验证部","BULK-1084","多记录删除子查询路径验证"
"2025-05","电力","1094","kWh","大批次删除集团","参数上限验证园区","验证部","BULK-1085","多记录删除子查询路径验证"
"2025-06","电力","1095","kWh","大批次删除集团","参数上限验证园区","验证部","BULK-1086","多记录删除子查询路径验证"
"2025-07","电力","1096","kWh","大批次删除集团","参数上限验证园区","验证部","BULK-1087","多记录删除子查询路径验证"
"2025-08","电力","1097","kWh","大批次删除集团","参数上限验证园区","验证部","BULK-1088","多记录删除子查询路径验证"
"2025-09","电力","1098","kWh","大批次删除集团","参数上限验证园区","验证部","BULK-1089","多记录删除子查询路径验证"
"2025-10","电力","1099","kWh","大批次删除集团","参数上限验证园区","验证部","BULK-1090","多记录删除子查询路径验证"
"2025-11","电力","1100","kWh","大批次删除集团","参数上限验证园区","验证部","BULK-1091","多记录删除子查询路径验证"
"2025-12","电力","1101","kWh","大批次删除集团","参数上限验证园区","验证部","BULK-1092","多记录删除子查询路径验证"
"2025-01","电力","1102","kWh","大批次删除集团","参数上限验证园区","验证部","BULK-1093","多记录删除子查询路径验证"
"2025-02","电力","1103","kWh","大批次删除集团","参数上限验证园区","验证部","BULK-1094","多记录删除子查询路径验证"
"2025-03","电力","1104","kWh","大批次删除集团","参数上限验证园区","验证部","BULK-1095","多记录删除子查询路径验证"
"2025-04","电力","1105","kWh","大批次删除集团","参数上限验证园区","验证部","BULK-1096","多记录删除子查询路径验证"
"2025-05","电力","1106","kWh","大批次删除集团","参数上限验证园区","验证部","BULK-1097","多记录删除子查询路径验证"
"2025-06","电力","1107","kWh","大批次删除集团","参数上限验证园区","验证部","BULK-1098","多记录删除子查询路径验证"
"2025-07","电力","1108","kWh","大批次删除集团","参数上限验证园区","验证部","BULK-1099","多记录删除子查询路径验证"
"2025-08","电力","1109","kWh","大批次删除集团","参数上限验证园区","验证部","BULK-1100","多记录删除子查询路径验证"
"2025-09","电力","1110","kWh","大批次删除集团","参数上限验证园区","验证部","BULK-1101","多记录删除子查询路径验证"
"2025-10","电力","1111","kWh","大批次删除集团","参数上限验证园区","验证部","BULK-1102","多记录删除子查询路径验证"
"2025-11","电力","1112","kWh","大批次删除集团","参数上限验证园区","验证部","BULK-1103","多记录删除子查询路径验证"
"2025-12","电力","1113","kWh","大批次删除集团","参数上限验证园区","验证部","BULK-1104","多记录删除子查询路径验证"
"2025-01","电力","1114","kWh","大批次删除集团","参数上限验证园区","验证部","BULK-1105","多记录删除子查询路径验证"
"2025-02","电力","1115","kWh","大批次删除集团","参数上限验证园区","验证部","BULK-1106","多记录删除子查询路径验证"
"2025-03","电力","1116","kWh","大批次删除集团","参数上限验证园区","验证部","BULK-1107","多记录删除子查询路径验证"
"2025-04","电力","1117","kWh","大批次删除集团","参数上限验证园区","验证部","BULK-1108","多记录删除子查询路径验证"
"2025-05","电力","1118","kWh","大批次删除集团","参数上限验证园区","验证部","BULK-1109","多记录删除子查询路径验证"
"2025-06","电力","1119","kWh","大批次删除集团","参数上限验证园区","验证部","BULK-1110","多记录删除子查询路径验证"
"2025-07","电力","1120","kWh","大批次删除集团","参数上限验证园区","验证部","BULK-1111","多记录删除子查询路径验证"
"2025-08","电力","1121","kWh","大批次删除集团","参数上限验证园区","验证部","BULK-1112","多记录删除子查询路径验证"
"2025-09","电力","1122","kWh","大批次删除集团","参数上限验证园区","验证部","BULK-1113","多记录删除子查询路径验证"
"2025-10","电力","1123","kWh","大批次删除集团","参数上限验证园区","验证部","BULK-1114","多记录删除子查询路径验证"
"2025-11","电力","1124","kWh","大批次删除集团","参数上限验证园区","验证部","BULK-1115","多记录删除子查询路径验证"
"2025-12","电力","1125","kWh","大批次删除集团","参数上限验证园区","验证部","BULK-1116","多记录删除子查询路径验证"
"2025-01","电力","1126","kWh","大批次删除集团","参数上限验证园区","验证部","BULK-1117","多记录删除子查询路径验证"
"2025-02","电力","1127","kWh","大批次删除集团","参数上限验证园区","验证部","BULK-1118","多记录删除子查询路径验证"
"2025-03","电力","1128","kWh","大批次删除集团","参数上限验证园区","验证部","BULK-1119","多记录删除子查询路径验证"
"2025-04","电力","1129","kWh","大批次删除集团","参数上限验证园区","验证部","BULK-1120","多记录删除子查询路径验证"
"2025-05","电力","1130","kWh","大批次删除集团","参数上限验证园区","验证部","BULK-1121","多记录删除子查询路径验证"
"2025-06","电力","1131","kWh","大批次删除集团","参数上限验证园区","验证部","BULK-1122","多记录删除子查询路径验证"
"2025-07","电力","1132","kWh","大批次删除集团","参数上限验证园区","验证部","BULK-1123","多记录删除子查询路径验证"
"2025-08","电力","1133","kWh","大批次删除集团","参数上限验证园区","验证部","BULK-1124","多记录删除子查询路径验证"
"2025-09","电力","1134","kWh","大批次删除集团","参数上限验证园区","验证部","BULK-1125","多记录删除子查询路径验证"
"2025-10","电力","1135","kWh","大批次删除集团","参数上限验证园区","验证部","BULK-1126","多记录删除子查询路径验证"
"2025-11","电力","1136","kWh","大批次删除集团","参数上限验证园区","验证部","BULK-1127","多记录删除子查询路径验证"
"2025-12","电力","1137","kWh","大批次删除集团","参数上限验证园区","验证部","BULK-1128","多记录删除子查询路径验证"
"2025-01","电力","1138","kWh","大批次删除集团","参数上限验证园区","验证部","BULK-1129","多记录删除子查询路径验证"
"2025-02","电力","1139","kWh","大批次删除集团","参数上限验证园区","验证部","BULK-1130","多记录删除子查询路径验证"
"2025-03","电力","1140","kWh","大批次删除集团","参数上限验证园区","验证部","BULK-1131","多记录删除子查询路径验证"
"2025-04","电力","1141","kWh","大批次删除集团","参数上限验证园区","验证部","BULK-1132","多记录删除子查询路径验证"
"2025-05","电力","1142","kWh","大批次删除集团","参数上限验证园区","验证部","BULK-1133","多记录删除子查询路径验证"
"2025-06","电力","1143","kWh","大批次删除集团","参数上限验证园区","验证部","BULK-1134","多记录删除子查询路径验证"
"2025-07","电力","1144","kWh","大批次删除集团","参数上限验证园区","验证部","BULK-1135","多记录删除子查询路径验证"
"2025-08","电力","1145","kWh","大批次删除集团","参数上限验证园区","验证部","BULK-1136","多记录删除子查询路径验证"
"2025-09","电力","1146","kWh","大批次删除集团","参数上限验证园区","验证部","BULK-1137","多记录删除子查询路径验证"
"2025-10","电力","1147","kWh","大批次删除集团","参数上限验证园区","验证部","BULK-1138","多记录删除子查询路径验证"
"2025-11","电力","1148","kWh","大批次删除集团","参数上限验证园区","验证部","BULK-1139","多记录删除子查询路径验证"
"2025-12","电力","1149","kWh","大批次删除集团","参数上限验证园区","验证部","BULK-1140","多记录删除子查询路径验证"
"2025-01","电力","1150","kWh","大批次删除集团","参数上限验证园区","验证部","BULK-1141","多记录删除子查询路径验证"
"2025-02","电力","1151","kWh","大批次删除集团","参数上限验证园区","验证部","BULK-1142","多记录删除子查询路径验证"
"2025-03","电力","1152","kWh","大批次删除集团","参数上限验证园区","验证部","BULK-1143","多记录删除子查询路径验证"
"2025-04","电力","1153","kWh","大批次删除集团","参数上限验证园区","验证部","BULK-1144","多记录删除子查询路径验证"
"2025-05","电力","1154","kWh","大批次删除集团","参数上限验证园区","验证部","BULK-1145","多记录删除子查询路径验证"
"2025-06","电力","1155","kWh","大批次删除集团","参数上限验证园区","验证部","BULK-1146","多记录删除子查询路径验证"
"2025-07","电力","1156","kWh","大批次删除集团","参数上限验证园区","验证部","BULK-1147","多记录删除子查询路径验证"
"2025-08","电力","1157","kWh","大批次删除集团","参数上限验证园区","验证部","BULK-1148","多记录删除子查询路径验证"
"2025-09","电力","1158","kWh","大批次删除集团","参数上限验证园区","验证部","BULK-1149","多记录删除子查询路径验证"
"2025-10","电力","1159","kWh","大批次删除集团","参数上限验证园区","验证部","BULK-1150","多记录删除子查询路径验证"
"2025-11","电力","1160","kWh","大批次删除集团","参数上限验证园区","验证部","BULK-1151","多记录删除子查询路径验证"
"2025-12","电力","1161","kWh","大批次删除集团","参数上限验证园区","验证部","BULK-1152","多记录删除子查询路径验证"
"2025-01","电力","1162","kWh","大批次删除集团","参数上限验证园区","验证部","BULK-1153","多记录删除子查询路径验证"
"2025-02","电力","1163","kWh","大批次删除集团","参数上限验证园区","验证部","BULK-1154","多记录删除子查询路径验证"
"2025-03","电力","1164","kWh","大批次删除集团","参数上限验证园区","验证部","BULK-1155","多记录删除子查询路径验证"
"2025-04","电力","1165","kWh","大批次删除集团","参数上限验证园区","验证部","BULK-1156","多记录删除子查询路径验证"
"2025-05","电力","1166","kWh","大批次删除集团","参数上限验证园区","验证部","BULK-1157","多记录删除子查询路径验证"
"2025-06","电力","1167","kWh","大批次删除集团","参数上限验证园区","验证部","BULK-1158","多记录删除子查询路径验证"
"2025-07","电力","1168","kWh","大批次删除集团","参数上限验证园区","验证部","BULK-1159","多记录删除子查询路径验证"
"2025-08","电力","1169","kWh","大批次删除集团","参数上限验证园区","验证部","BULK-1160","多记录删除子查询路径验证"
"2025-09","电力","1170","kWh","大批次删除集团","参数上限验证园区","验证部","BULK-1161","多记录删除子查询路径验证"
"2025-10","电力","1171","kWh","大批次删除集团","参数上限验证园区","验证部","BULK-1162","多记录删除子查询路径验证"
"2025-11","电力","1172","kWh","大批次删除集团","参数上限验证园区","验证部","BULK-1163","多记录删除子查询路径验证"
"2025-12","电力","1173","kWh","大批次删除集团","参数上限验证园区","验证部","BULK-1164","多记录删除子查询路径验证"
"2025-01","电力","1174","kWh","大批次删除集团","参数上限验证园区","验证部","BULK-1165","多记录删除子查询路径验证"
"2025-02","电力","1175","kWh","大批次删除集团","参数上限验证园区","验证部","BULK-1166","多记录删除子查询路径验证"
"2025-03","电力","1176","kWh","大批次删除集团","参数上限验证园区","验证部","BULK-1167","多记录删除子查询路径验证"
"2025-04","电力","1177","kWh","大批次删除集团","参数上限验证园区","验证部","BULK-1168","多记录删除子查询路径验证"
"2025-05","电力","1178","kWh","大批次删除集团","参数上限验证园区","验证部","BULK-1169","多记录删除子查询路径验证"
"2025-06","电力","1179","kWh","大批次删除集团","参数上限验证园区","验证部","BULK-1170","多记录删除子查询路径验证"
"2025-07","电力","1180","kWh","大批次删除集团","参数上限验证园区","验证部","BULK-1171","多记录删除子查询路径验证"
"2025-08","电力","1181","kWh","大批次删除集团","参数上限验证园区","验证部","BULK-1172","多记录删除子查询路径验证"
"2025-09","电力","1182","kWh","大批次删除集团","参数上限验证园区","验证部","BULK-1173","多记录删除子查询路径验证"
"2025-10","电力","1183","kWh","大批次删除集团","参数上限验证园区","验证部","BULK-1174","多记录删除子查询路径验证"
"2025-11","电力","1184","kWh","大批次删除集团","参数上限验证园区","验证部","BULK-1175","多记录删除子查询路径验证"
"2025-12","电力","1185","kWh","大批次删除集团","参数上限验证园区","验证部","BULK-1176","多记录删除子查询路径验证"
"2025-01","电力","1186","kWh","大批次删除集团","参数上限验证园区","验证部","BULK-1177","多记录删除子查询路径验证"
"2025-02","电力","1187","kWh","大批次删除集团","参数上限验证园区","验证部","BULK-1178","多记录删除子查询路径验证"
"2025-03","电力","1188","kWh","大批次删除集团","参数上限验证园区","验证部","BULK-1179","多记录删除子查询路径验证"
"2025-04","电力","1189","kWh","大批次删除集团","参数上限验证园区","验证部","BULK-1180","多记录删除子查询路径验证"
"2025-05","电力","1190","kWh","大批次删除集团","参数上限验证园区","验证部","BULK-1181","多记录删除子查询路径验证"
"2025-06","电力","1191","kWh","大批次删除集团","参数上限验证园区","验证部","BULK-1182","多记录删除子查询路径验证"
"2025-07","电力","1192","kWh","大批次删除集团","参数上限验证园区","验证部","BULK-1183","多记录删除子查询路径验证"
"2025-08","电力","1193","kWh","大批次删除集团","参数上限验证园区","验证部","BULK-1184","多记录删除子查询路径验证"
"2025-09","电力","1194","kWh","大批次删除集团","参数上限验证园区","验证部","BULK-1185","多记录删除子查询路径验证"
"2025-10","电力","1195","kWh","大批次删除集团","参数上限验证园区","验证部","BULK-1186","多记录删除子查询路径验证"
"2025-11","电力","1196","kWh","大批次删除集团","参数上限验证园区","验证部","BULK-1187","多记录删除子查询路径验证"
"2025-12","电力","1197","kWh","大批次删除集团","参数上限验证园区","验证部","BULK-1188","多记录删除子查询路径验证"
"2025-01","电力","1198","kWh","大批次删除集团","参数上限验证园区","验证部","BULK-1189","多记录删除子查询路径验证"
"2025-02","电力","1199","kWh","大批次删除集团","参数上限验证园区","验证部","BULK-1190","多记录删除子查询路径验证"
"2025-03","电力","1200","kWh","大批次删除集团","参数上限验证园区","验证部","BULK-1191","多记录删除子查询路径验证"
"2025-04","电力","1201","kWh","大批次删除集团","参数上限验证园区","验证部","BULK-1192","多记录删除子查询路径验证"
"2025-05","电力","1202","kWh","大批次删除集团","参数上限验证园区","验证部","BULK-1193","多记录删除子查询路径验证"
"2025-06","电力","1203","kWh","大批次删除集团","参数上限验证园区","验证部","BULK-1194","多记录删除子查询路径验证"
"2025-07","电力","1204","kWh","大批次删除集团","参数上限验证园区","验证部","BULK-1195","多记录删除子查询路径验证"
"2025-08","电力","1205","kWh","大批次删除集团","参数上限验证园区","验证部","BULK-1196","多记录删除子查询路径验证"
"2025-09","电力","1206","kWh","大批次删除集团","参数上限验证园区","验证部","BULK-1197","多记录删除子查询路径验证"
"2025-10","电力","1207","kWh","大批次删除集团","参数上限验证园区","验证部","BULK-1198","多记录删除子查询路径验证"
"2025-11","电力","1208","kWh","大批次删除集团","参数上限验证园区","验证部","BULK-1199","多记录删除子查询路径验证"
"2025-12","电力","1209","kWh","大批次删除集团","参数上限验证园区","验证部","BULK-1200","多记录删除子查询路径验证"
